SRR19514178.fastq.res,SRR19514179.fastq.res,SRR19514180.fastq.res,SRR19514181.fastq.res,SRR19514182.fastq.res,SRR19514183.fastq.res,SRR19514184.fastq.res,SRR19514185.fastq.res,SRR19514186.fastq.res,SRR19514187.fastq.res,SRR19514188.fastq.res,SRR19514189.fastq.res,SRR19514190.fastq.res,SRR19514191.fastq.res,SRR19514192.fastq.res,SRR19514193.fastq.res,SRR19514194.fastq.res,SRR19514195.fastq.res,SRR19514196.fastq.res,SRR19514197.fastq.res,SRR19514198.fastq.res,SRR19514199.fastq.res,SRR19514200.fastq.res,SRR19514201.fastq.res,SRR19514202.fastq.res,SRR19514203.fastq.res,SRR19514204.fastq.res,SRR19514205.fastq.res,SRR19514206.fastq.res,SRR19514207.fastq.res,SRR19514208.fastq.res,SRR19514209.fastq.res,SRR19514210.fastq.res,SRR19514211.fastq.res,SRR19514212.fastq.res,SRR19514213.fastq.res,SRR19514214.fastq.res,SRR19514215.fastq.res,SRR19514216.fastq.res,SRR19514217.fastq.res,SRR19514218.fastq.res,SRR19514219.fastq.res,SRR19514220.fastq.res,SRR19514221.fastq.res,SRR19514222.fastq.res,SRR19514223.fastq.res,SRR19514224.fastq.res,SRR19514225.fastq.res,SRR19514226.fastq.res,SRR19514227.fastq.res,SRR19514228.fastq.res,SRR19514229.fastq.res,SRR19514230.fastq.res,SRR19514231.fastq.res,SRR19514232.fastq.res,SRR19514233.fastq.res,SRR19514234.fastq.res,SRR19514235.fastq.res,SRR19514236.fastq.res,SRR19514237.fastq.res,SRR19514238.fastq.res,SRR19514239.fastq.res,SRR19514240.fastq.res,SRR19514241.fastq.res,SRR19514242.fastq.res,SRR19514243.fastq.res,SRR19514244.fastq.res,SRR19514245.fastq.res,SRR19514246.fastq.res,SRR19514247.fastq.res,SRR19514248.fastq.res,SRR19514249.fastq.res,SRR19514250.fastq.res,SRR19514251.fastq.res,SRR19514252.fastq.res,SRR19514253.fastq.res,SRR19514254.fastq.res,SRR19514255.fastq.res,SRR19514256.fastq.res,SRR19514257.fastq.res,SRR19514258.fastq.res,SRR19514259.fastq.res,SRR19514260.fastq.res,SRR19514261.fastq.res,SRR19514262.fastq.res,SRR19514263.fastq.res,SRR19514264.fastq.res,SRR19514265.fastq.res,SRR19514266.fastq.res,SRR19514267.fastq.res,SRR19514268.fastq.res,SRR19514269.fastq.res,SRR19514270.fastq.res,SRR19514271.fastq.res,SRR19514272.fastq.res,SRR19514273.fastq.res,SRR19514274.fastq.res,SRR19514275.fastq.res,SRR19514276.fastq.res,SRR19514277.fastq.res,Superkingdom,Kingdom,Phylum,Class,Order,Family,Genus,Species
0.0,0.0,0.0,0.0,0.0,0.0,0.0,0.0,0.0,0.0,0.0,0.0,0.0,0.0,0.0,0.0,0.0,0.0,0.0,0.0,0.0,0.0,0.0,0.0,0.0,0.0,0.0,0.0,0.0,0.0,0.0,0.0,0.0,0.0,0.0,0.9,0.0,0.0,0.0,0.0,0.0,0.0,0.0,0.0,0.0,0.0,0.0,0.0,0.0,0.0,0.0,0.0,0.0,0.0,0.0,0.0,0.0,0.0,0.0,0.0,0.0,0.0,0.0,0.0,0.0,0.0,0.0,0.0,0.0,0.0,0.0,0.0,0.0,0.0,0.0,0.0,0.0,0.0,0.0,0.0,0.0,0.0,0.0,0.0,0.0,0.0,0.0,0.0,0.0,0.0,0.0,0.0,0.0,0.0,0.0,0.0,0.0,0.0,0.0,0.0,Bacteria,unk_k,Firmicutes,unk_c,unk_o,,,
0.0,0.0,0.0,0.73,0.0,0.0,0.0,0.0,0.0,0.0,0.0,0.0,0.0,0.0,0.0,0.0,0.0,0.0,0.0,0.0,0.0,0.0,0.0,0.0,0.0,0.0,0.0,0.0,0.0,0.0,0.0,0.0,0.0,0.0,0.0,0.0,0.0,0.0,0.0,0.0,0.0,0.0,0.0,0.0,0.0,0.0,0.0,0.0,0.0,0.0,0.0,0.0,0.0,0.0,0.0,0.0,0.0,0.0,0.0,0.0,0.0,0.0,0.0,0.0,0.0,0.0,0.0,0.0,0.0,0.0,0.0,0.0,0.0,0.0,0.7,0.0,0.0,0.0,0.0,0.0,0.0,0.0,0.0,0.0,0.0,0.0,0.0,0.0,0.0,0.0,0.0,0.0,0.0,0.0,0.0,0.0,0.0,0.0,0.0,0.0,Bacteria,unk_k,Proteobacteria,Deltaproteobacteria,Desulfobacterales,Desulfocapsaceae,,
0.0,0.0,0.0,0.0,0.4,0.0,0.0,0.0,0.0,0.0,0.0,0.0,0.0,0.0,0.0,0.0,0.0,0.0,0.0,0.0,0.0,0.39,0.0,0.0,0.0,0.0,0.78,0.0,0.39,0.0,0.0,0.0,0.0,0.0,0.0,0.0,0.39,0.0,0.0,0.0,0.0,0.39,0.39,0.0,0.0,0.0,0.0,0.0,0.0,0.0,0.0,0.0,0.0,0.0,0.0,0.0,0.0,0.0,0.0,0.38,0.0,0.0,0.0,0.0,0.0,0.0,0.0,0.39,0.0,0.0,0.0,0.0,0.0,0.39,0.0,0.0,0.0,0.0,0.0,0.0,0.0,0.0,0.0,0.0,0.0,0.39,0.0,0.0,0.0,0.0,0.39,0.0,0.0,0.39,0.0,0.0,0.0,0.0,0.0,0.39,Bacteria,unk_k,Proteobacteria,Deltaproteobacteria,Desulfobacterales,,,
0.0,0.0,0.0,0.0,0.0,0.0,0.0,0.0,0.0,0.0,0.0,0.0,0.0,0.0,0.0,0.0,0.0,0.0,0.0,0.0,0.0,0.0,0.0,0.0,0.0,0.0,0.0,0.0,0.0,0.0,0.0,0.0,0.0,0.0,0.0,0.0,0.0,0.0,0.0,0.0,0.0,0.0,0.0,0.0,0.0,0.0,0.0,0.0,0.0,0.0,0.0,0.0,0.0,0.0,0.0,0.0,0.0,0.0,0.0,0.0,0.0,0.0,0.0,0.0,0.0,0.0,0.0,0.0,0.0,0.0,0.0,0.0,0.0,0.0,0.0,0.0,0.0,0.0,0.0,0.0,0.0,0.0,0.0,0.0,0.0,0.0,0.0,0.0,0.0,0.0,0.0,1.43,0.0,0.0,0.0,0.0,0.0,0.0,0.0,0.0,Eukaryota,Fungi,Ascomycota,Sordariomycetes,Hypocreales,Hypocreaceae,,
19.52,0.0,10.02,15.42,23.19,20.75,0.0,24.83,0.0,4.15,12.07,0.0,0.0,0.0,0.0,18.62,9.55,7.5,26.65,12.52,5.82,0.0,24.09,10.87,6.25,8.32,20.75,7.5,9.07,5.84,4.58,0.0,11.96,0.0,17.49,0.0,12.07,0.0,0.0,9.12,25.37,0.0,0.83,0.0,16.25,12.49,2.5,7.48,12.08,5.38,8.76,1.67,12.87,0.0,12.5,6.67,6.66,8.54,0.0,6.23,8.35,14.61,9.16,7.5,7.49,6.19,9.52,6.25,6.66,5.42,0.0,7.92,11.68,0.0,28.73,0.0,5.01,19.58,8.85,12.49,0.0,5.82,11.25,6.2,21.0,8.33,9.6,5.42,0.0,2.5,0.0,4.15,12.08,5.0,0.0,1.25,4.59,23.73,6.66,23.73,Eukaryota,Fungi,Mucoromycota,Glomeromycetes,Glomerales,Glomeraceae,,
0.0,0.0,0.0,0.0,0.0,0.0,0.0,0.0,0.0,0.0,0.0,0.0,0.0,0.0,0.0,0.0,0.0,0.0,0.0,0.0,0.0,0.0,0.0,0.0,0.0,0.0,0.0,0.0,0.0,0.0,0.0,0.0,0.0,0.0,0.0,14.54,0.0,0.0,0.0,0.0,0.0,0.0,0.0,1.24,0.0,0.0,0.0,0.0,0.0,0.0,0.0,0.0,0.0,1.67,0.0,0.0,0.0,0.0,0.0,0.0,0.0,0.0,0.0,0.0,0.0,0.0,0.0,0.0,0.0,0.0,0.0,0.0,0.0,0.0,0.0,4.99,0.0,0.0,0.0,0.0,0.0,0.0,0.0,0.0,0.0,0.0,0.0,0.0,0.0,0.0,0.0,0.0,0.0,0.0,0.0,0.0,0.0,0.0,0.0,0.0,Eukaryota,Fungi,Mucoromycota,Glomeromycetes,Glomerales,Glomeraceae,unk_g,
0.0,0.0,0.0,0.0,0.0,0.0,0.0,0.0,0.0,0.0,0.0,0.0,0.0,0.0,0.0,0.0,0.0,0.0,0.0,0.0,0.0,0.0,0.0,0.0,0.0,0.0,0.0,0.0,0.0,0.0,0.0,5.42,0.0,0.0,0.0,0.0,0.0,0.0,0.0,0.0,0.0,0.0,0.0,0.0,0.0,0.0,0.0,0.0,0.0,0.0,0.0,0.0,0.0,0.0,0.0,0.0,0.0,0.0,0.0,0.0,0.0,0.0,0.0,0.0,0.0,0.0,0.0,0.0,0.0,0.0,0.0,0.0,0.0,0.0,0.0,0.0,0.0,0.0,0.0,0.0,0.0,0.0,0.0,0.0,0.0,0.0,0.0,0.0,0.0,0.0,0.0,0.0,0.0,0.0,0.0,0.0,0.0,0.0,0.0,0.0,Eukaryota,Fungi,Mucoromycota,Glomeromycetes,Glomerales,Glomeraceae,unk_g,uncultured Glomus
0.0,0.0,0.0,0.0,0.0,0.0,0.0,0.0,11.23,0.0,0.0,0.0,16.84,0.0,17.94,0.0,0.0,0.0,0.0,0.0,0.0,15.43,0.0,0.0,0.0,0.0,0.0,0.0,0.0,0.0,0.0,0.0,0.0,0.0,0.0,0.0,0.0,0.0,6.32,0.0,0.0,0.0,0.0,0.0,0.0,0.0,0.0,0.0,0.0,0.0,0.0,0.0,0.0,0.0,0.0,0.0,0.0,0.0,13.85,0.0,0.0,0.0,0.0,0.0,0.0,0.0,0.0,0.0,0.0,0.0,17.1,0.0,0.0,0.0,0.0,0.0,0.0,0.0,0.0,0.0,5.6,0.0,0.0,0.0,0.0,0.0,0.0,0.0,1.67,0.0,9.17,0.0,0.0,0.0,0.0,0.0,0.0,0.0,0.0,0.0,Eukaryota,Fungi,Mucoromycota,Glomeromycetes,Glomerales,,,
0.0,0.0,0.0,0.0,0.0,0.0,21.44,0.0,0.0,0.0,0.0,0.0,0.0,0.0,0.0,0.0,0.0,0.0,0.0,0.0,0.0,0.0,0.0,0.0,0.0,0.0,0.0,0.0,0.0,0.0,0.0,0.0,0.0,0.0,0.0,0.0,0.0,0.0,0.0,0.0,0.0,0.0,0.0,0.0,0.0,0.0,0.0,0.0,0.0,0.0,0.0,0.0,0.0,0.0,0.0,0.0,0.0,0.0,0.0,0.0,0.0,0.0,0.0,0.0,0.0,0.0,0.0,0.0,0.0,0.0,0.0,0.0,0.0,20.9,0.0,0.0,0.0,0.0,0.0,0.0,0.0,0.0,0.0,0.0,0.0,0.0,0.0,0.0,0.0,0.0,0.0,0.0,0.0,0.0,0.0,0.0,0.0,0.0,0.0,0.0,Eukaryota,Fungi,Mucoromycota,,,,,
0.0,0.0,0.0,0.0,0.0,0.0,0.0,0.0,0.0,0.0,0.0,0.0,0.0,0.0,0.0,0.0,0.0,0.0,0.34,0.0,0.0,0.0,0.0,0.0,0.0,0.0,0.0,0.0,0.0,0.0,0.0,0.34,0.0,0.0,0.0,0.0,0.0,0.0,0.0,0.0,0.0,0.0,0.0,0.0,0.0,0.0,0.0,0.0,0.0,0.0,0.0,0.0,0.0,0.0,0.0,0.0,0.0,0.0,0.0,0.0,0.0,0.0,0.0,0.0,0.0,0.0,0.0,0.0,0.0,0.0,0.0,0.0,0.0,0.0,0.0,0.0,0.0,0.0,0.0,0.0,0.0,0.0,0.0,0.0,0.0,0.0,0.0,0.0,0.0,0.0,0.0,0.0,0.0,0.0,0.0,0.0,0.0,0.0,0.0,0.0,Eukaryota,Fungi,unk_p,unk_c,unk_o,unk_f,,
0.0,0.0,0.0,0.0,0.0,0.0,0.0,0.0,0.0,0.0,0.0,0.0,0.0,0.0,0.0,0.0,0.0,0.0,0.0,0.0,0.0,0.0,0.0,0.0,0.0,0.0,0.0,0.0,0.0,0.0,0.0,0.0,0.0,0.0,0.0,0.0,0.0,0.0,0.0,0.0,0.0,0.0,0.0,0.0,0.0,0.0,0.0,0.0,0.0,0.0,0.0,0.0,0.0,0.0,0.0,0.0,0.0,0.0,0.0,0.0,0.0,0.0,0.0,0.0,0.0,0.0,0.0,0.0,0.0,0.0,0.0,0.0,0.0,0.0,0.0,0.0,0.0,0.0,0.0,0.0,0.0,0.0,0.0,0.0,0.0,0.0,0.0,0.0,0.0,0.0,0.25,0.0,0.0,0.0,0.0,0.0,0.0,0.0,0.0,0.0,Eukaryota,Metazoa,Arthropoda,Insecta,Diptera,Drosophilidae,,
0.0,0.0,0.0,0.0,0.0,0.0,0.0,0.0,0.0,0.0,0.0,0.0,0.0,0.0,0.0,0.0,0.0,0.0,0.0,0.0,0.0,0.0,0.0,0.0,0.0,0.0,0.0,0.0,0.0,0.0,0.0,0.0,0.0,0.0,0.0,0.0,0.0,0.0,0.0,0.0,0.74,0.0,0.0,0.0,0.0,0.0,0.0,0.0,0.0,0.0,0.0,0.0,0.0,0.0,0.0,0.0,0.0,0.0,0.0,0.0,0.0,0.0,0.0,0.0,0.0,0.0,0.79,0.0,0.0,0.0,0.0,0.0,0.0,0.0,0.0,0.0,0.0,0.0,0.0,0.0,0.0,0.0,0.0,0.0,0.0,0.0,0.0,0.0,0.0,0.0,0.0,0.0,0.0,0.0,0.0,0.0,0.0,0.0,0.0,0.0,Eukaryota,Metazoa,Arthropoda,Malacostraca,Decapoda,,,
0.0,0.0,0.0,0.0,0.0,0.0,0.0,0.0,0.73,0.0,0.71,0.0,0.0,0.0,0.0,0.0,0.0,0.0,0.0,0.0,0.0,0.0,0.0,0.0,0.0,0.0,0.0,0.0,0.0,0.0,0.0,0.0,0.0,0.0,0.0,0.0,0.0,0.0,0.0,0.0,0.0,0.0,0.0,0.0,0.0,0.0,0.0,0.0,0.0,0.0,0.0,0.0,0.0,0.0,0.0,0.0,0.0,0.0,0.0,0.0,0.0,0.0,0.0,0.0,0.0,0.0,0.0,0.0,0.0,0.0,0.0,0.0,0.0,0.0,0.0,0.0,0.0,0.0,0.0,0.0,0.0,0.0,0.0,0.0,0.0,0.0,0.0,0.0,0.0,0.0,0.0,0.0,0.0,0.0,0.0,0.0,0.0,0.0,0.0,0.0,Eukaryota,Metazoa,Arthropoda,Malacostraca,Decapoda,Penaeidae,,
0.0,0.0,0.0,0.0,0.0,0.46,0.0,0.0,0.0,0.0,0.0,0.0,0.0,0.0,0.0,0.0,0.0,0.0,0.0,0.0,0.0,0.0,0.0,0.0,0.0,0.0,0.0,0.0,0.0,0.0,0.0,0.0,0.0,0.0,0.0,0.0,0.0,0.0,0.0,0.0,0.0,0.0,0.0,0.0,0.0,0.0,0.0,0.0,0.0,0.0,0.0,0.0,0.0,0.0,0.0,0.0,0.0,0.0,0.0,0.0,0.0,0.0,0.0,0.0,0.0,0.0,0.0,0.0,0.0,0.0,0.0,0.0,0.0,0.44,0.0,0.0,0.0,0.0,0.0,0.0,0.0,0.0,0.0,0.0,0.0,0.0,0.0,0.0,0.0,0.0,0.0,0.0,0.0,0.45,0.0,0.0,0.0,0.0,0.0,0.0,Eukaryota,Metazoa,Arthropoda,Malacostraca,Decapoda,Portunidae,Portunus,
0.0,0.0,0.0,0.0,0.0,0.0,0.0,0.0,0.0,0.0,0.0,0.0,0.0,0.0,0.0,0.0,0.0,0.0,0.0,0.0,0.0,0.0,0.0,0.0,0.0,0.0,0.0,0.0,0.0,0.0,0.0,0.0,0.0,0.39,0.0,0.0,0.0,0.0,0.0,0.0,0.0,0.0,0.0,0.0,0.0,0.0,0.0,0.0,0.0,0.0,0.0,0.0,0.0,0.0,0.0,0.0,0.0,0.0,0.0,0.0,0.0,0.0,0.0,0.0,0.0,0.0,0.0,0.0,0.0,0.0,0.0,0.0,0.0,0.0,0.0,0.0,0.0,0.0,0.0,0.0,0.0,0.0,0.0,0.0,0.0,0.0,0.0,0.0,0.0,0.0,0.0,0.0,0.0,0.0,0.0,0.0,0.0,0.0,0.0,0.0,Eukaryota,Metazoa,Chordata,Actinopteri,Cichliformes,Cichlidae,,
0.0,0.0,0.0,0.0,0.0,0.0,0.0,0.0,0.0,0.0,0.0,0.0,0.0,0.0,0.0,0.0,0.0,0.0,0.0,0.0,0.0,0.0,0.0,0.0,0.0,0.0,0.0,0.0,0.0,0.0,0.0,0.0,0.0,0.0,0.0,0.0,0.0,0.0,0.0,0.0,0.0,0.0,0.0,0.0,0.0,0.0,0.0,0.0,0.0,0.0,0.0,0.52,0.0,0.0,0.0,0.0,0.0,0.0,0.0,0.0,0.0,0.0,0.0,0.0,0.0,0.0,0.0,0.0,0.0,0.0,0.64,0.0,0.0,0.0,0.0,0.0,0.0,0.0,0.0,0.0,0.0,0.0,0.0,0.0,0.0,0.0,0.0,0.0,0.0,0.0,0.0,0.0,0.0,0.0,0.0,0.0,0.0,0.0,0.0,0.0,Eukaryota,Metazoa,Chordata,Actinopteri,Cypriniformes,Cyprinidae,,
0.0,0.0,0.0,0.0,0.0,0.0,0.0,0.0,0.0,0.0,0.0,0.0,0.0,0.0,0.0,0.0,0.0,0.0,0.0,0.0,0.0,0.0,0.0,0.0,0.0,0.0,0.0,0.0,0.0,0.0,0.0,0.0,0.0,0.0,0.0,0.0,0.0,0.0,0.0,0.0,0.0,0.0,0.0,0.0,0.0,0.0,0.0,0.0,0.0,0.0,0.0,0.0,0.0,0.0,0.0,0.0,0.0,0.0,0.0,0.0,0.0,0.0,0.0,0.0,0.0,0.0,0.0,0.0,0.0,0.0,0.0,0.0,0.0,0.0,0.0,0.0,0.0,0.0,0.0,0.0,0.0,0.2,0.0,0.0,0.0,0.0,0.0,0.0,0.0,0.0,0.0,0.0,0.0,0.0,0.0,0.0,0.0,0.0,0.0,0.0,Eukaryota,Metazoa,Chordata,Actinopteri,,,,
0.0,0.0,0.0,0.0,0.0,0.0,0.0,0.0,0.0,0.0,0.0,0.0,0.0,0.0,0.0,0.0,0.0,0.0,0.0,0.0,0.0,0.0,0.0,0.0,0.0,0.0,0.0,0.0,0.0,0.0,0.0,0.0,0.0,0.0,0.0,0.0,0.0,0.0,0.0,0.0,0.0,0.0,0.0,0.0,0.0,0.0,0.0,0.0,0.0,0.0,0.0,0.0,0.0,0.0,0.0,0.0,0.0,0.0,0.0,0.0,0.0,0.0,0.0,0.0,0.0,0.0,0.0,0.0,0.0,0.0,0.0,0.0,0.0,0.0,0.0,0.0,0.5,0.0,0.0,0.0,0.0,0.0,0.0,0.0,0.0,0.0,0.0,0.0,0.0,0.0,0.0,0.0,0.0,0.0,0.0,0.0,0.0,0.0,0.0,0.0,Eukaryota,Metazoa,Chordata,Actinopteri,Scombriformes,Scombridae,Rastrelliger,Rastrelliger kanagurta
0.0,0.0,0.0,0.0,0.0,0.0,0.0,0.0,0.0,0.0,0.0,0.0,0.0,0.0,0.0,0.0,0.0,0.0,0.0,0.0,0.0,0.0,0.0,0.0,0.0,0.0,0.0,0.0,0.0,0.0,0.0,0.0,0.0,0.0,0.0,0.0,0.0,0.0,0.0,0.0,0.0,0.0,0.0,0.0,0.0,0.0,0.0,0.0,0.0,0.0,0.0,0.0,0.0,0.0,0.0,0.0,0.0,0.0,0.0,0.0,0.0,0.0,0.0,0.0,0.0,0.4,0.0,0.0,0.0,0.0,0.0,0.0,0.0,0.0,0.0,0.0,0.0,0.0,0.0,0.0,0.0,0.0,0.0,0.0,0.0,0.0,0.0,0.0,0.0,0.0,0.0,0.0,0.0,0.0,0.0,0.0,0.0,0.0,0.0,0.0,Eukaryota,Metazoa,Chordata,Actinopteri,Spariformes,,,
0.22,0.0,0.0,0.0,0.0,0.0,0.0,0.0,0.0,0.0,0.0,0.0,0.0,0.0,0.0,0.0,0.0,0.0,0.0,0.0,0.0,0.0,0.0,0.0,0.0,0.0,0.0,0.0,0.0,0.0,0.0,0.0,0.0,0.0,0.0,0.0,0.0,0.0,0.0,0.0,0.0,0.0,0.0,0.0,0.0,0.0,0.0,0.0,0.0,0.0,0.0,0.0,0.0,0.0,0.0,0.0,0.0,0.0,0.0,0.0,0.0,0.0,0.0,0.0,0.0,0.0,0.0,0.0,0.0,0.0,0.0,0.0,0.0,0.0,0.0,0.0,0.0,0.0,0.0,0.0,0.0,0.0,0.0,0.0,0.0,0.0,0.0,0.0,0.0,0.0,0.0,0.0,0.0,0.0,0.0,0.0,0.0,0.0,0.0,0.0,Eukaryota,Metazoa,Chordata,Amphibia,Anura,Dicroglossidae,Nanorana,Nanorana parkeri
0.0,0.0,0.0,0.0,0.0,0.0,0.0,0.0,0.0,0.0,0.0,0.0,0.0,0.0,0.0,0.0,2.73,0.0,0.0,0.0,0.0,0.0,0.0,0.0,0.0,0.0,0.0,7.01,0.0,0.0,0.0,0.0,9.34,0.0,0.0,0.0,0.0,0.0,0.0,0.0,0.0,0.0,0.0,0.0,0.0,0.0,0.0,0.0,7.78,0.0,0.0,5.83,0.0,0.0,0.0,0.0,0.0,0.0,0.0,0.0,0.0,0.0,0.0,0.0,0.0,0.0,0.0,0.0,0.0,0.0,0.0,5.46,0.0,0.0,0.0,0.0,0.0,0.0,0.0,0.0,0.0,0.0,0.0,0.0,0.0,0.0,0.0,0.0,0.0,0.0,0.0,0.0,0.0,0.0,0.0,0.0,6.23,0.0,0.0,0.0,Eukaryota,Metazoa,Chordata,Amphibia,Anura,Microhylidae,Kaloula,
2.72,0.0,7.4,7.42,6.62,11.68,4.68,5.46,8.18,4.29,8.57,7.4,9.74,4.68,3.51,7.79,0.0,3.5,5.8,9.35,8.16,5.07,10.49,4.67,7.01,4.28,5.06,0.0,5.08,5.85,6.23,11.26,0.0,0.0,0.0,5.84,7.39,5.42,5.46,5.46,8.97,4.28,6.62,0.0,0.39,1.56,5.08,8.18,0.0,6.23,7.0,0.0,4.29,4.67,8.96,0.0,4.29,6.62,8.53,9.72,9.73,7.01,4.29,9.74,2.34,3.12,8.18,3.12,1.95,3.89,11.3,0.0,4.29,14.01,7.01,6.23,7.4,9.35,7.4,3.9,1.16,5.05,9.74,8.18,11.68,7.4,5.44,0.0,3.12,5.07,2.34,3.12,3.9,6.23,2.34,4.29,0.0,7.0,7.4,6.63,Eukaryota,Metazoa,Chordata,Amphibia,Anura,Microhylidae,,
0.0,0.0,12.28,16.79,0.0,26.74,7.26,0.0,1.89,13.9,1.66,0.0,0.0,0.0,1.42,0.0,0.0,0.0,0.0,20.25,14.67,9.49,0.97,16.25,16.8,18.59,22.72,0.0,7.7,13.31,0.0,20.91,0.0,0.0,0.0,0.96,20.13,0.0,9.44,2.81,1.2,0.0,2.63,0.0,0.0,0.0,0.0,16.81,24.51,0.0,0.0,6.65,2.6,0.0,23.06,2.35,0.0,1.17,20.62,1.71,0.0,0.0,0.0,23.1,1.43,0.0,0.0,0.0,0.0,3.07,24.73,11.53,1.0,0.0,0.0,0.0,20.29,1.18,0.0,0.72,6.66,7.7,1.43,24.14,18.9,16.84,1.91,9.38,8.41,0.95,0.0,7.0,20.34,16.8,1.66,4.47,0.0,0.0,0.0,21.32,Eukaryota,Metazoa,Chordata,Amphibia,Anura,,,
20.77,0.0,0.0,0.0,11.9,0.0,2.6,16.24,16.79,0.0,8.05,16.67,19.64,13.3,12.25,17.52,22.03,14.850000000000001,20.95,0.71,2.6,0.0,24.1,0.0,2.33,0.46,1.42,11.219999999999999,2.84,1.89,19.0,0.0,47.21,0.0,0.0,14.36,0.0,16.94,2.6,16.8,19.95,23.94,4.55,18.86,9.8,2.83,21.04,2.6,1.18,16.0,7.01,2.6,13.99,15.31,1.42,7.68,9.58,25.88,1.9,17.49,22.42,19.72,9.03,2.13,4.2,10.399999999999999,17.3,8.17,5.74,4.2,0.0,0.0,7.0,7.7,17.599999999999998,28.09,1.66,18.54,19.509999999999998,20.3,1.66,2.6,23.44,0.71,3.15,0.0,15.39,23.22,0.71,8.07,12.42,1.18,0.0,2.13,4.9,0.0,19.43,20.68,15.520000000000001,0.0,Eukaryota,Metazoa,Chordata,Amphibia,Anura,Pipidae,,
0.0,0.0,0.0,0.0,0.0,0.0,0.0,0.0,0.0,0.0,0.0,0.0,0.0,0.0,0.0,0.0,0.0,0.0,0.0,0.0,0.0,0.0,0.0,0.0,0.0,0.0,0.0,0.0,0.0,0.0,0.0,0.0,0.0,0.0,0.0,0.0,0.0,0.0,0.0,0.0,0.0,0.0,0.0,0.0,0.0,16.1,0.0,0.0,0.0,0.0,0.0,0.0,0.0,0.0,0.0,0.0,0.0,0.0,0.0,0.0,0.0,0.0,0.0,0.0,0.0,0.0,0.0,0.0,0.0,0.0,0.0,0.0,0.0,0.0,0.0,0.0,0.0,0.0,0.0,0.0,0.0,0.0,0.0,0.0,0.0,0.0,0.0,0.0,0.0,0.0,0.0,0.0,0.0,0.0,0.0,0.0,0.0,0.0,0.0,0.0,Eukaryota,Metazoa,Chordata,Amphibia,Anura,Pipidae,Xenopus,
0.0,0.0,0.0,0.0,0.0,0.0,0.0,0.0,0.0,0.0,0.0,2.98,0.0,0.0,0.0,0.0,0.0,0.0,0.0,0.0,0.0,0.0,0.0,1.86,0.0,0.0,0.0,0.0,0.0,0.0,0.0,0.0,0.0,0.0,0.0,0.0,0.0,0.0,0.0,0.0,0.0,0.0,0.0,0.0,0.0,0.0,4.09,0.0,0.0,0.0,0.0,0.0,0.0,0.0,0.0,0.0,0.0,0.0,0.0,0.0,0.0,0.0,0.0,0.0,0.0,0.0,0.0,0.0,0.0,0.0,0.0,0.0,0.0,0.0,0.0,0.0,0.0,0.0,0.0,0.0,2.23,0.0,0.0,0.0,0.0,0.0,0.0,0.0,0.0,0.0,0.0,0.0,0.0,1.86,0.0,0.0,0.0,0.74,2.98,0.0,Eukaryota,Metazoa,Chordata,Aves,Anseriformes,Anatidae,,
0.0,0.0,0.0,2.61,0.0,0.0,0.74,0.0,0.0,0.0,0.0,0.0,0.0,1.04,0.0,0.0,0.0,0.0,0.0,0.0,0.0,0.0,0.0,0.0,0.0,0.0,0.0,0.0,0.0,0.0,0.0,0.0,0.0,0.0,0.0,0.0,0.0,0.0,0.0,0.0,0.0,0.0,0.0,0.0,0.0,0.0,0.0,0.0,0.0,0.0,0.0,0.0,0.0,0.0,0.0,0.0,0.0,0.0,0.0,0.0,0.0,0.0,0.0,0.0,0.0,0.0,0.0,0.0,0.0,0.0,0.0,0.0,0.0,0.0,0.0,0.0,0.0,0.0,0.0,0.0,0.0,0.0,0.0,0.0,0.0,0.0,0.0,0.0,0.0,0.0,0.0,0.0,0.0,0.0,0.0,0.0,0.0,0.0,0.0,0.0,Eukaryota,Metazoa,Chordata,Aves,Anseriformes,,,
0.0,0.0,0.0,0.0,0.0,0.0,0.0,0.0,0.0,0.0,0.0,0.0,0.0,0.0,0.0,0.0,0.0,0.0,0.0,0.0,0.0,0.0,0.0,0.0,0.45,0.0,0.0,0.0,0.0,0.0,0.0,0.0,0.0,0.0,0.0,0.0,0.0,0.0,0.0,0.0,0.0,0.0,0.0,0.0,0.0,0.0,0.0,0.0,0.0,0.91,0.0,0.0,0.0,0.0,0.0,0.0,0.0,0.0,0.0,0.0,0.93,0.0,0.0,0.0,0.0,0.0,0.0,0.0,0.0,0.0,0.0,0.0,0.0,0.0,0.0,0.0,0.0,0.0,1.37,0.0,0.0,0.0,0.0,0.0,0.0,0.0,0.0,0.0,0.0,0.0,0.0,0.0,0.0,0.88,0.0,0.0,0.0,0.0,0.0,0.0,Eukaryota,Metazoa,Chordata,Aves,Apterygiformes,Apterygidae,Apteryx,Apteryx mantelli
0.6,0.0,0.6,0.84,0.57,0.58,0.0,1.15,0.88,1.44,0.85,1.79,1.51,0.0,0.0,0.6,0.6,1.79,0.0,0.0,0.0,0.0,1.19,0.58,0.88,0.0,0.58,0.59,1.13,0.0,0.58,0.0,0.0,0.0,0.0,0.6,1.19,0.88,1.19,0.6,0.0,0.57,0.0,0.0,0.6,0.0,0.89,2.01,0.6,1.19,1.73,0.88,0.0,1.51,0.58,1.15,0.0,1.49,0.0,0.0,0.6,1.51,0.58,0.87,1.12,0.0,1.44,1.42,0.88,1.15,0.0,0.0,0.0,1.42,0.0,0.0,1.15,0.89,1.79,0.0,0.87,1.79,1.15,1.76,0.6,1.42,1.49,0.0,0.0,0.0,0.0,0.59,0.58,0.87,1.44,0.0,0.59,0.59,1.15,1.4,Eukaryota,Metazoa,Chordata,Aves,Apterygiformes,Apterygidae,Apteryx,
1.02,14.54,2.05,2.05,2.04,0.51,0.0,1.02,0.0,1.02,0.51,1.02,0.0,0.99,3.5599999999999996,1.02,2.56,0.51,0.33,3.07,1.02,0.51,1.54,0.51,0.0,1.54,2.54,2.05,0.0,0.0,0.0,1.54,0.51,0.0,0.51,2.56,1.02,3.63,0.51,1.02,1.02,0.0,0.29,0.0,0.0,0.0,0.0,0.51,2.05,0.0,0.51,0.0,0.0,1.01,1.54,2.03,1.01,2.55,1.54,1.54,3.59,1.02,1.02,0.51,0.0,0.51,1.54,0.0,0.0,0.0,2.56,2.03,2.55,2.05,2.04,1.54,0.0,1.51,2.04,0.98,0.0,1.54,1.54,0.0,1.02,1.54,2.05,1.54,0.0,1.54,0.51,0.0,0.51,0.0,0.51,0.51,0.0,2.04,0.51,0.51,Eukaryota,Metazoa,Chordata,Aves,Apterygiformes,Apterygidae,,
0.0,0.0,0.0,7.09,0.0,0.0,3.07,0.0,0.0,0.0,0.0,0.0,0.0,0.0,0.0,0.0,0.0,0.0,0.0,0.0,0.0,0.0,0.0,0.0,0.0,8.84,0.0,0.0,8.11,0.0,0.0,0.0,0.0,0.0,0.0,0.0,0.0,0.0,0.0,0.0,0.0,0.0,0.0,0.0,0.0,0.0,0.0,0.0,0.0,0.0,0.0,0.75,0.0,0.0,0.0,0.0,0.0,0.0,0.0,0.0,0.0,0.0,0.0,0.0,0.0,0.0,0.0,0.29,0.0,0.0,0.0,0.0,0.0,0.0,0.0,0.0,1.0,0.0,0.0,0.0,1.11,0.0,0.0,0.0,0.0,0.0,0.0,0.0,0.0,0.3,0.0,0.0,0.0,0.0,0.0,0.0,0.0,0.0,0.0,0.0,Eukaryota,Metazoa,Chordata,Aves,Apterygiformes,,,
0.0,0.0,0.0,0.0,0.0,0.0,0.0,0.0,0.0,0.0,0.0,0.0,0.0,0.0,0.0,0.0,0.0,0.0,0.0,0.0,0.0,0.0,0.0,0.0,0.0,0.0,0.0,0.0,0.0,0.0,0.0,0.0,0.0,0.0,0.0,0.0,0.0,0.0,0.0,0.0,0.0,0.0,0.0,0.0,0.0,0.0,0.0,0.0,0.0,0.0,0.0,0.0,0.0,0.0,0.0,0.0,0.0,0.0,0.0,0.0,0.0,0.0,0.0,0.0,0.0,0.0,0.0,0.0,0.0,0.0,0.0,0.0,0.0,0.0,0.0,0.0,0.0,0.0,0.0,0.0,0.0,0.0,0.0,0.0,0.52,0.0,0.0,0.0,0.0,0.0,0.0,0.0,0.0,0.0,0.0,0.0,0.0,0.0,0.0,0.0,Eukaryota,Metazoa,Chordata,Aves,Ciconiiformes,Balaenicipitidae,Balaeniceps,
0.0,0.0,0.0,0.78,0.0,0.0,0.0,0.0,0.0,0.52,0.0,0.0,0.78,0.0,0.0,0.52,0.0,0.0,0.0,0.0,0.0,0.0,0.0,0.0,0.0,0.0,0.52,0.52,0.0,0.0,0.0,0.0,0.0,0.0,0.0,0.0,0.52,0.0,0.0,0.0,0.0,0.0,0.0,0.0,0.0,0.52,0.0,0.0,0.52,0.0,0.0,0.0,0.0,0.0,0.0,0.0,0.0,0.0,0.0,0.52,0.0,0.0,0.0,0.0,0.0,0.0,0.0,0.0,0.0,0.0,0.0,0.0,0.0,0.52,0.0,0.0,0.0,0.0,0.78,0.0,0.0,0.0,0.0,0.0,0.0,0.0,0.0,0.0,0.0,0.0,0.0,0.0,0.52,0.0,0.0,0.0,0.0,0.0,0.0,0.0,Eukaryota,Metazoa,Chordata,Aves,Ciconiiformes,Balaenicipitidae,,
0.0,0.0,0.0,0.0,0.0,0.0,0.0,0.0,0.0,0.0,0.0,0.0,0.0,0.0,0.0,0.25,0.0,0.0,0.0,0.0,0.0,0.0,0.0,0.0,0.0,0.0,0.0,0.0,0.0,0.0,0.0,0.0,0.0,0.0,0.0,0.0,0.0,0.0,0.0,0.0,0.0,0.0,0.0,0.0,0.0,0.0,0.0,0.0,0.0,0.0,0.0,0.0,0.0,0.0,0.0,0.0,0.0,0.0,0.0,0.0,0.0,0.0,0.0,0.0,0.0,0.0,0.0,0.0,0.0,0.0,0.0,0.0,0.0,0.0,0.0,0.0,0.0,0.0,0.0,0.0,0.0,0.0,0.0,0.0,0.0,0.0,0.0,0.0,0.0,0.0,0.0,0.0,0.0,0.0,0.0,0.0,0.0,0.0,0.0,0.0,Eukaryota,Metazoa,Chordata,Aves,Columbiformes,,,
0.79,0.0,0.0,2.1,1.95,0.0,1.38,6.45,1.18,0.0,0.0,6.449999999999999,0.9099999999999999,0.0,0.0,0.0,0.0,0.0,20.4,1.14,19.16,0.0,0.0,0.0,13.46,0.0,11.700000000000001,0.0,4.17,0.0,0.0,0.0,0.0,0.0,0.0,1.21,0.0,10.18,1.65,14.84,0.0,22.26,1.46,0.0,0.0,13.85,0.0,6.47,20.509999999999998,0.64,0.31,0.0,0.0,0.0,0.0,4.16,5.1,0.0,14.23,1.0,0.0,0.0,0.0,14.35,2.45,0.0,0.99,0.0,5.11,0.0,1.01,0.0,0.0,0.0,0.0,30.89,13.51,35.28,8.65,26.74,2.91,0.0,16.96,9.73,0.6,0.0,0.0,41.66,0.74,0.0,12.9,0.93,0.0,0.72,0.0,0.0,1.65,0.0,1.32,9.31,Eukaryota,Metazoa,Chordata,Aves,Galliformes,,,
0.0,0.0,0.0,0.0,0.0,0.0,0.0,0.0,0.0,0.0,0.0,0.0,0.0,0.0,0.0,0.0,0.0,0.0,0.0,0.0,0.0,0.0,0.0,0.0,0.0,0.59,0.0,0.0,0.0,0.0,0.0,0.0,0.59,0.0,0.0,0.0,1.18,0.0,0.0,0.0,0.0,0.0,0.0,0.0,0.0,0.0,0.88,0.0,0.0,0.0,0.0,0.59,0.0,0.0,0.0,0.0,0.0,2.33,0.0,0.0,1.17,0.0,0.0,0.0,0.0,0.0,0.0,0.0,0.0,0.0,0.0,0.0,0.0,0.0,0.0,0.0,0.0,0.0,0.0,0.0,0.0,0.0,0.0,0.0,0.59,0.0,0.0,0.0,0.0,0.0,0.0,0.0,0.0,0.0,0.0,0.0,0.0,0.0,0.0,0.0,Eukaryota,Metazoa,Chordata,Aves,Galliformes,Phasianidae,Francolinus,
0.0,0.0,0.0,0.0,0.0,0.0,0.0,0.0,0.0,0.0,0.0,0.0,0.0,0.0,0.0,0.0,3.71,0.0,0.0,0.0,0.0,0.0,0.0,0.0,0.0,0.0,0.0,0.0,0.0,0.0,0.0,0.0,0.0,0.0,0.0,0.0,0.0,0.0,0.0,0.0,0.0,0.0,0.0,0.0,0.0,0.0,0.0,0.0,0.0,0.0,0.0,0.0,0.0,0.0,0.0,0.0,0.0,0.0,0.0,0.0,0.0,0.0,0.0,0.0,0.0,0.0,0.0,0.0,0.0,0.0,0.0,0.0,0.0,0.0,0.0,0.0,0.0,0.0,0.0,0.0,0.0,0.0,0.0,0.0,0.0,0.0,0.0,0.0,0.0,0.0,0.0,0.0,0.0,0.0,0.0,0.0,0.0,0.0,0.0,0.0,Eukaryota,Metazoa,Chordata,Aves,Galliformes,Phasianidae,Galloperdix,Galloperdix spadicea
0.0,0.0,0.0,0.0,0.0,0.0,0.0,0.0,0.0,0.0,0.0,0.0,0.0,0.0,0.0,4.04,0.0,0.0,0.0,0.0,0.0,0.0,0.0,0.0,0.0,0.0,0.0,0.0,0.0,0.0,0.0,0.0,0.0,0.0,0.0,0.0,0.0,0.0,0.0,0.0,0.0,0.0,0.0,0.0,0.0,2.59,0.0,0.0,0.0,0.0,0.0,0.0,0.0,2.22,0.0,0.0,2.59,0.0,0.0,0.0,0.0,0.0,0.0,0.0,0.0,0.0,0.0,0.0,0.0,0.0,0.0,0.0,0.0,0.0,0.0,0.0,0.0,1.85,0.0,0.0,0.0,0.0,0.0,0.0,0.0,5.53,0.0,0.0,0.0,0.0,0.0,0.0,0.0,0.0,0.0,0.0,0.0,0.0,0.0,0.0,Eukaryota,Metazoa,Chordata,Aves,Galliformes,Phasianidae,Galloperdix,
11.34,0.0,12.69,23.09,27.930000000000003,13.830000000000002,18.41,6.98,6.69,4.92,14.02,9.719999999999999,17.03,32.43,2.6300000000000003,11.709999999999999,9.92,4.91,5.23,15.91,2.61,14.39,27.200000000000003,22.33,6.17,23.34,6.49,13.88,4.22,12.85,23.77,13.98,25.42,0.0,43.17,18.88,14.58,8.99,6.0,3.79,21.74,6.3100000000000005,19.18,0.0,19.279999999999998,1.5,17.1,6.88,4.96,14.99,10.82,7.41,17.41,10.73,32.449999999999996,4.63,1.7,23.59,1.18,22.94,20.6,19.44,16.94,6.78,3.05,7.26,16.92,15.57,3.17,18.56,3.71,3.82,5.4,29.69,53.79,3.71,8.23,2.25,5.640000000000001,4.16,3.24,15.78,4.76,4.91,6.33,12.5,13.3,4.56,6.49,11.54,3.63,4.99,19.58,12.870000000000001,5.039999999999999,4.12,18.38,7.09,9.65,7.800000000000001,Eukaryota,Metazoa,Chordata,Aves,Galliformes,Phasianidae,,
0.0,0.0,0.0,0.0,0.0,0.92,0.0,0.0,0.0,0.0,0.0,0.0,0.0,0.0,0.0,0.0,0.0,0.0,0.0,0.0,0.0,0.0,0.0,0.0,0.0,0.0,0.0,0.0,0.0,0.0,0.0,0.0,0.0,0.0,0.0,0.0,0.0,0.0,0.0,0.0,0.0,0.0,0.0,0.0,0.0,0.0,0.0,0.0,0.0,0.0,0.0,0.0,0.0,0.0,0.0,0.0,0.0,0.0,0.0,0.0,0.0,0.0,0.0,0.0,0.0,0.0,0.0,0.0,0.0,0.0,0.0,0.0,0.0,0.0,0.0,0.0,0.0,0.0,0.37,0.0,0.0,0.0,0.0,0.0,0.0,0.0,0.0,0.0,0.0,0.0,0.0,0.0,0.0,0.0,0.0,0.0,0.0,0.0,0.0,0.0,Eukaryota,Metazoa,Chordata,Aves,Gaviiformes,Gaviidae,,
0.0,0.0,0.0,0.0,0.0,0.0,0.0,0.0,0.0,0.0,0.0,0.0,0.0,0.0,0.0,0.0,0.0,0.0,0.0,0.0,0.0,0.0,0.0,0.0,0.0,0.0,0.0,0.0,0.0,0.0,0.0,0.0,0.0,0.0,0.0,0.0,0.0,0.0,0.0,0.0,0.0,0.0,0.0,0.0,0.0,0.0,0.0,0.0,0.0,0.0,0.0,0.0,0.0,0.0,0.0,0.0,0.0,0.0,0.0,0.0,0.0,0.0,0.0,0.0,0.0,0.0,0.0,0.0,0.0,0.0,0.0,0.0,0.0,0.0,0.0,0.0,0.0,0.0,0.0,0.0,0.0,6.48,0.0,0.0,0.0,0.0,0.0,0.0,0.0,0.0,0.0,0.0,0.0,0.0,0.0,0.0,0.0,0.0,0.0,0.0,Eukaryota,Metazoa,Chordata,Aves,,,,
0.0,0.0,0.0,0.0,0.0,0.0,0.0,0.0,0.0,0.0,0.0,0.0,0.0,0.0,0.0,0.0,0.0,0.0,0.0,0.0,0.0,0.0,0.0,0.0,0.0,0.0,0.0,0.0,0.0,0.0,0.0,0.0,0.0,0.0,0.0,0.0,0.0,0.0,0.0,0.0,0.0,0.0,0.0,0.0,0.0,0.0,0.0,0.0,0.0,0.0,0.0,0.0,0.0,0.0,0.0,0.0,0.0,0.0,0.0,0.0,0.0,0.0,0.0,0.0,0.0,0.0,0.0,0.0,0.0,0.0,0.0,0.0,0.0,0.0,0.0,0.0,0.0,0.0,0.0,0.0,0.0,0.0,0.0,0.0,0.75,0.0,0.0,0.0,0.0,0.0,0.0,0.0,0.0,0.0,0.0,0.0,0.0,0.0,0.0,0.0,Eukaryota,Metazoa,Chordata,Aves,Opisthocomiformes,Opisthocomidae,,
0.0,0.0,0.0,0.0,0.0,0.0,0.0,0.0,0.0,0.0,0.0,0.0,0.0,0.0,0.0,0.0,3.77,0.0,0.0,0.0,1.16,0.0,0.0,0.0,2.64,0.0,0.57,0.0,0.0,0.0,0.0,0.84,0.0,0.0,0.0,0.0,0.0,0.0,0.0,0.0,0.0,0.0,0.0,0.0,0.0,0.0,0.0,0.0,0.0,0.0,0.0,0.0,0.0,0.0,0.0,0.0,0.0,0.0,0.0,0.33,0.0,0.0,0.62,0.0,0.57,0.0,0.0,0.0,0.0,0.0,0.0,0.0,0.0,0.0,0.0,0.0,0.0,0.0,0.0,0.0,0.0,0.0,0.0,1.41,0.0,0.0,0.0,2.0,0.0,0.0,0.0,0.0,0.0,0.0,0.0,0.0,0.0,0.0,0.0,0.0,Eukaryota,Metazoa,Chordata,Aves,Passeriformes,Corvidae,Aphelocoma,Aphelocoma californica
0.0,0.0,4.08,4.52,0.0,4.57,0.0,0.0,0.0,0.28,0.0,0.29,0.27,0.95,0.0,0.0,0.0,0.0,0.0,0.0,0.0,0.0,0.0,0.0,0.0,0.0,0.0,0.29,0.0,0.0,0.0,0.28,0.0,0.0,0.0,3.42,0.0,0.0,0.0,0.0,0.0,0.0,0.0,0.0,0.0,0.0,0.0,0.0,0.0,0.38,0.4,0.0,0.0,0.38,0.0,0.0,0.61,1.51,0.0,0.0,0.0,0.0,0.0,0.0,0.0,0.0,0.0,0.29,0.0,0.0,2.24,0.27,0.0,0.0,0.0,1.83,0.0,0.0,0.71,0.0,0.0,0.0,0.0,0.0,0.0,0.0,0.0,0.0,0.0,0.0,0.0,0.0,0.0,0.0,0.0,0.0,0.0,4.17,0.0,0.0,Eukaryota,Metazoa,Chordata,Aves,Passeriformes,Corvidae,Aphelocoma,
9.09,10.12,7.109999999999999,9.89,13.28,11.58,8.879999999999999,7.98,15.350000000000001,13.68,24.13,23.94,14.18,5.720000000000001,9.29,9.49,2.7,8.53,7.15,11.790000000000001,6.47,8.59,9.7,8.66,6.800000000000001,8.15,11.26,15.969999999999999,15.76,12.73,18.89,12.46,1.26,19.7,0.3,11.9,10.93,16.62,10.61,16.55,11.86,17.72,16.5,19.39,9.39,12.889999999999999,18.38,10.24,7.75,16.58,12.15,13.25,18.330000000000002,12.5,17.27,2.24,2.76,8.45,6.63,11.24,12.41,9.58,9.59,7.35,4.35,5.22,17.48,13.34,4.16,13.6,2.21,3.3600000000000003,5.82,4.51,14.61,4.5600000000000005,5.92,10.559999999999999,7.99,7.02,2.5999999999999996,15.830000000000002,7.29,10.36,13.04,15.78,13.73,8.51,1.91,3.8,11.059999999999999,6.93,16.21,13.48,7.11,3.77,16.41,9.219999999999999,12.7,17.490000000000002,Eukaryota,Metazoa,Chordata,Aves,Passeriformes,Corvidae,,
3.05,10.88,2.38,3.06,2.04,3.4,1.7,1.02,2.04,0.0,2.72,0.0,2.04,0.0,32.4,2.04,0.0,1.69,1.72,1.36,3.09,1.71,2.04,2.04,2.72,0.0,1.02,2.38,0.68,1.7,1.7,1.7,0.0,0.0,2.04,2.5300000000000002,2.38,0.0,1.7,0.34,1.36,0.34,0.68,0.0,1.02,0.34,1.35,2.72,1.7,2.38,0.0,0.0,0.68,1.02,5.25,2.04,1.36,4.76,3.06,2.38,3.06,4.08,2.69,2.38,1.36,1.7,0.68,1.02,1.02,2.04,2.38,0.68,2.71,0.0,3.06,0.68,0.68,2.72,1.7,4.09,0.0,1.02,2.04,0.68,0.0,3.4,1.02,1.7,1.02,14.65,0.0,0.68,0.0,1.36,1.36,1.02,0.68,3.74,1.7,1.7,Eukaryota,Metazoa,Chordata,Aves,Passeriformes,Estrildidae,,
0.0,0.0,0.0,0.0,0.0,0.0,0.0,0.0,0.0,1.02,0.0,2.38,0.0,2.04,0.0,0.0,1.36,0.0,0.0,0.0,0.0,0.0,0.0,0.0,0.0,1.7,0.0,0.0,0.0,0.0,0.0,0.0,0.0,0.0,0.0,0.0,0.0,0.0,0.0,0.0,0.0,0.0,0.0,0.0,0.0,0.0,0.0,0.0,0.0,0.0,0.0,1.02,0.0,0.0,0.0,0.0,0.0,0.0,0.0,0.0,0.0,0.0,0.0,0.0,0.0,0.0,0.0,0.0,0.0,0.0,0.0,0.0,0.0,0.0,0.0,0.0,0.0,0.0,0.0,0.0,0.0,0.0,0.0,0.0,3.75,0.0,0.0,0.0,0.0,1.36,0.0,0.0,0.0,0.0,0.0,0.0,0.0,0.0,0.0,0.0,Eukaryota,Metazoa,Chordata,Aves,Passeriformes,Estrildidae,Vidua,
20.23,0.0,29.67,39.18,0.0,0.41,6.890000000000001,6.56,18.13,0.73,1.6099999999999999,3.4,23.99,34.49,0.49,33.14,27.5,21.12,35.14,23.11,6.949999999999999,0.0,36.05,1.27,36.05,4.25,0.41,11.79,17.64,15.2,0.0,22.78,0.0,16.94,0.0,22.37,4.0,4.41,16.71,18.3,2.71,5.03,1.85,0.41,37.0,17.669999999999998,8.860000000000001,2.69,41.26,13.73,11.39,19.16,15.04,16.86,39.31,15.78,0.0,0.0,7.1899999999999995,0.0,41.48,38.15,29.44,26.11,1.22,0.79,25.5,3.35,10.58,2.18,12.8,14.65,16.21,3.96,36.040000000000006,22.02,6.1899999999999995,47.14,24.05,27.62,3.47,0.0,35.05,25.51,37.0,3.07,17.89,21.51,2.3099999999999996,2.67,4.29,6.92,22.549999999999997,6.64,6.51,6.51,17.87,25.2,2.83,9.55,Eukaryota,Metazoa,Chordata,Aves,Passeriformes,,,
0.0,0.0,0.0,0.0,0.0,0.0,0.0,0.0,0.0,0.0,0.0,0.0,0.0,0.0,0.0,0.0,0.0,0.0,0.0,0.0,0.0,0.0,0.0,0.0,0.0,0.0,0.0,0.0,0.0,3.88,2.49,0.0,0.0,0.0,0.0,0.0,0.0,0.0,0.0,0.0,0.0,0.0,0.0,0.0,0.0,0.0,0.0,0.0,0.0,0.0,0.0,0.0,0.0,0.0,0.0,0.0,0.0,0.0,0.0,0.0,0.0,0.0,0.0,0.0,0.0,0.0,0.0,0.0,0.0,0.0,0.0,0.0,0.0,0.0,0.0,0.0,0.0,0.0,0.0,0.0,0.0,0.0,0.0,0.0,0.0,0.0,0.0,0.0,0.0,0.0,0.0,0.0,0.0,13.46,0.0,0.0,0.0,0.0,0.0,0.0,Eukaryota,Metazoa,Chordata,Aves,Passeriformes,Passeridae,,
0.0,0.0,0.0,0.0,0.0,0.0,0.0,0.0,0.0,0.0,0.0,0.0,0.0,0.0,0.0,0.0,0.0,0.0,0.0,0.0,0.0,0.0,0.0,0.0,0.0,0.0,0.0,0.0,0.0,0.0,0.0,0.0,0.0,0.0,0.0,0.0,0.0,0.0,0.0,0.0,0.0,0.0,0.0,0.0,0.0,0.0,0.0,0.0,0.0,0.0,0.0,0.0,0.0,0.0,0.0,0.0,0.0,0.0,0.0,0.0,0.0,0.0,0.0,0.0,0.0,0.0,0.0,0.0,0.0,0.0,0.0,0.0,0.0,0.0,0.0,0.0,0.0,0.0,0.0,0.0,0.0,0.0,0.0,0.0,0.0,0.0,0.0,0.0,0.0,0.0,0.0,0.0,0.0,0.0,10.29,2.42,0.0,0.0,0.0,0.0,Eukaryota,Metazoa,Chordata,Aves,Passeriformes,Passeridae,Passer,
0.0,0.0,0.0,0.0,0.0,0.0,0.0,0.0,0.0,0.0,0.0,0.0,0.0,0.0,0.0,0.0,0.0,0.0,0.0,0.0,0.0,0.0,0.0,0.0,0.0,0.0,0.0,0.0,0.72,0.0,0.0,0.0,0.0,0.0,0.0,0.0,0.0,0.0,0.0,0.0,0.0,0.0,0.0,0.0,0.0,0.0,0.0,0.0,0.0,0.0,0.0,0.0,0.0,0.0,0.0,0.0,0.0,0.0,0.0,0.0,0.0,0.0,0.0,0.0,0.0,0.0,0.0,0.0,0.0,0.0,0.0,0.0,0.0,0.0,0.0,0.0,0.0,0.0,0.0,0.0,0.0,0.0,0.0,0.0,0.0,0.0,0.0,0.0,0.0,0.0,0.0,0.0,0.0,0.0,0.36,0.0,0.0,0.0,0.0,0.0,Eukaryota,Metazoa,Chordata,Aves,Pelecaniformes,,,
0.0,0.0,0.0,0.0,0.0,0.0,0.0,0.0,0.0,0.0,0.0,0.0,0.0,0.0,0.0,0.0,0.0,0.0,0.0,0.0,0.0,0.0,0.0,0.0,0.0,0.0,0.0,0.0,0.0,0.0,0.0,0.0,0.0,0.0,0.0,0.0,0.0,0.0,0.0,0.0,0.0,0.0,0.0,0.0,0.0,0.0,0.0,0.0,0.36,0.0,0.0,0.0,0.0,0.0,0.0,0.0,0.0,0.0,0.0,0.0,0.0,0.0,0.0,0.0,0.0,0.0,0.0,0.0,0.0,0.0,0.0,0.0,0.0,0.0,0.0,0.0,0.0,0.0,0.0,0.0,0.0,0.0,0.0,0.0,0.0,0.0,0.0,0.0,0.0,0.0,0.0,0.0,0.0,0.0,0.0,0.0,0.0,0.0,0.0,0.0,Eukaryota,Metazoa,Chordata,Aves,Pelecaniformes,Threskiornithidae,,
0.0,0.0,0.0,0.0,0.0,0.0,0.65,0.0,0.0,0.0,0.0,0.0,0.0,0.0,0.0,0.0,0.0,0.0,0.0,0.0,0.0,0.0,0.0,0.0,0.0,0.0,0.0,0.0,0.0,0.0,0.0,0.0,0.0,0.0,0.0,0.0,0.0,0.0,0.0,0.0,0.0,0.0,0.0,0.0,0.0,0.0,0.71,0.0,0.0,0.0,0.0,0.0,0.0,0.0,0.0,0.0,0.0,0.0,0.0,0.0,0.0,0.0,0.0,0.0,0.0,0.0,0.0,0.0,0.0,0.71,0.0,0.0,0.0,0.0,0.0,0.0,0.0,0.0,0.0,0.0,0.0,0.0,0.0,0.0,0.0,0.0,0.0,0.0,0.0,0.0,0.0,0.0,0.0,0.0,0.0,0.0,0.0,0.0,0.0,0.0,Eukaryota,Metazoa,Chordata,Aves,Piciformes,Megalaimidae,,
0.0,0.0,0.0,0.0,0.0,0.0,0.0,0.0,0.0,0.0,0.0,0.0,0.0,0.0,0.0,0.0,0.0,0.0,0.0,0.0,0.0,0.0,0.0,0.0,0.0,0.0,0.0,0.0,0.0,0.37,0.0,0.0,0.0,0.0,0.0,0.0,0.0,0.0,0.0,0.0,0.0,0.0,0.0,0.0,0.0,0.0,0.0,0.0,0.0,0.0,0.0,0.0,0.0,0.0,0.0,0.0,0.0,0.0,0.0,0.0,0.0,0.0,0.0,0.0,0.0,0.0,0.0,0.0,0.0,0.0,0.0,0.0,0.0,0.0,0.0,0.0,0.0,0.0,0.0,0.0,0.0,0.0,0.0,0.0,0.0,0.0,0.0,0.0,0.0,0.0,0.0,0.0,0.0,0.0,0.0,0.0,0.0,0.0,0.0,0.0,Eukaryota,Metazoa,Chordata,Aves,Procellariiformes,,,
0.0,0.37,0.37,0.0,0.0,0.0,0.0,0.0,0.0,0.0,0.0,0.0,0.0,0.0,0.0,0.0,0.0,0.0,0.0,0.0,0.0,0.0,0.0,0.0,0.0,0.0,0.0,0.0,0.0,0.0,0.0,0.0,0.0,0.0,0.0,0.0,0.0,0.37,0.0,0.0,0.0,0.0,0.0,0.0,0.0,0.0,0.0,0.0,0.0,0.0,0.0,0.0,0.0,0.0,0.0,0.0,0.0,0.0,0.0,0.0,0.0,0.0,0.0,0.0,0.0,0.0,0.0,0.0,0.0,0.0,0.0,0.0,0.0,0.0,0.0,0.0,0.0,0.0,0.0,0.0,0.0,0.0,0.0,0.0,0.0,0.0,0.0,0.0,0.0,0.0,0.0,0.0,0.0,0.0,0.0,0.0,0.0,0.0,0.0,0.0,Eukaryota,Metazoa,Chordata,Aves,Procellariiformes,unk_f,,
0.0,0.0,0.0,0.0,0.0,0.0,0.0,0.0,0.0,0.0,0.0,0.0,0.0,0.0,0.0,0.0,0.0,0.0,0.0,0.0,0.0,0.0,0.0,0.0,0.0,0.0,0.0,0.0,0.0,0.0,0.0,0.0,0.0,0.0,0.0,0.0,0.0,0.0,0.0,0.0,0.0,0.0,0.0,3.37,0.0,0.0,0.0,0.0,0.0,0.0,0.0,0.0,0.0,0.0,0.0,0.0,0.0,0.0,0.0,0.0,0.0,0.0,0.0,0.0,0.0,0.0,0.0,0.0,0.0,0.0,0.0,0.0,0.0,0.0,0.0,0.0,0.0,0.35,0.0,0.0,0.0,0.0,0.0,0.0,0.0,0.0,0.0,0.0,0.0,0.0,0.0,0.0,0.0,0.0,0.0,0.0,0.0,0.0,0.0,0.0,Eukaryota,Metazoa,Chordata,Aves,Strigiformes,Tytonidae,,
0.0,0.0,0.0,0.0,0.0,0.0,0.0,0.0,0.0,0.0,0.0,0.0,0.0,0.0,0.0,0.0,0.0,0.0,0.0,0.0,0.0,0.0,0.0,0.0,0.0,0.38,0.0,0.0,0.0,0.0,0.0,0.0,0.0,0.0,0.0,0.0,0.0,0.0,0.0,0.0,0.0,0.0,0.0,0.0,0.0,0.0,0.0,0.0,0.0,0.0,0.0,0.0,0.0,0.0,0.0,0.0,0.0,0.0,0.0,0.0,0.0,0.0,0.0,0.0,0.0,0.0,0.0,0.0,0.0,0.0,0.0,0.0,0.0,0.38,0.0,0.0,0.0,0.0,0.0,0.0,0.0,0.0,0.0,0.0,0.0,0.0,0.0,0.0,0.0,0.0,0.0,0.0,0.0,0.0,0.0,0.0,0.0,0.0,0.0,0.0,Eukaryota,Metazoa,Chordata,Aves,Tinamiformes,,,
0.0,0.0,0.0,0.0,0.0,0.0,0.0,0.38,0.75,0.75,0.0,0.0,0.0,0.0,0.0,0.0,0.0,0.0,0.0,0.0,0.0,0.0,0.0,0.0,0.0,0.0,0.0,0.0,0.0,0.0,0.0,0.0,0.0,0.0,0.0,0.0,0.0,0.0,0.0,0.0,0.0,0.0,0.0,0.0,0.0,0.0,0.0,0.0,0.0,0.0,0.0,0.0,0.0,0.0,0.0,0.0,0.0,0.0,0.0,0.0,0.0,0.0,0.38,0.0,0.0,0.0,0.0,0.0,0.0,0.0,0.0,0.0,0.0,0.0,0.0,0.0,0.0,0.0,0.0,0.0,0.0,0.0,0.0,0.0,0.0,0.0,0.0,0.0,0.0,0.0,0.0,0.0,0.0,0.0,0.0,0.0,0.0,0.0,0.0,0.0,Eukaryota,Metazoa,Chordata,Aves,Tinamiformes,Tinamidae,,
0.0,0.0,0.0,0.0,0.0,0.0,0.0,0.0,0.0,0.0,0.0,0.0,0.0,0.0,0.0,0.0,0.0,0.0,0.0,0.0,0.0,0.0,0.31,0.0,0.0,0.0,0.0,0.0,0.0,0.0,0.0,0.0,0.0,0.0,0.0,0.0,0.0,0.0,0.0,0.0,0.0,0.0,0.0,0.0,0.0,0.0,0.0,0.0,0.0,0.0,0.0,0.0,0.0,0.0,0.0,0.0,0.0,0.0,0.0,0.0,0.0,0.0,0.0,0.0,0.0,0.0,0.0,0.0,0.0,0.0,0.0,0.0,0.0,0.0,0.0,0.0,0.0,0.0,0.0,0.0,0.0,0.0,0.0,0.0,0.0,0.0,0.0,0.0,0.0,0.0,0.0,0.0,0.0,0.0,0.0,0.0,0.0,0.0,0.0,0.0,Eukaryota,Metazoa,Chordata,Aves,Trogoniformes,Trogonidae,Trogon,Trogon personatus
0.0,0.0,0.0,6.09,0.0,4.64,4.35,0.0,0.0,2.89,0.0,0.0,0.0,6.9,0.0,0.0,0.0,0.0,0.0,0.0,0.0,0.0,0.0,3.17,0.0,0.0,2.63,0.0,7.41,0.0,0.0,0.0,0.0,0.0,0.0,0.0,0.0,0.0,0.0,0.0,0.0,0.0,2.03,0.0,0.0,0.0,0.0,7.52,0.0,0.0,0.0,0.0,8.93,6.39,2.6,0.0,3.19,0.0,0.0,6.08,0.0,0.0,7.35,1.74,3.88,0.0,1.74,0.87,0.0,0.0,1.63,0.0,0.0,6.68,0.0,10.809999999999999,0.0,0.98,0.0,0.0,5.37,0.0,0.0,0.0,6.67,0.0,0.0,1.74,0.0,0.0,0.0,7.1000000000000005,3.48,2.03,2.32,0.0,6.57,0.0,0.0,5.22,Eukaryota,Metazoa,Chordata,Lepidosauria,Sphenodontia,,,
4.89,0.0,4.35,0.0,7.1,0.0,1.96,7.73,11.100000000000001,7.84,10.64,13.16,6.54,0.0,7.109999999999999,5.619999999999999,6.75,6.890000000000001,3.92,2.61,4.609999999999999,10.12,4.82,3.24,6.75,5.74,1.63,8.709999999999999,0.0,10.55,7.470000000000001,3.9899999999999998,3.77,20.84,2.32,4.35,5.8,14.8,6.640000000000001,2.61,3.05,18.1,12.43,0.0,4.93,9.19,11.44,2.31,7.5,10.4,13.36,8.379999999999999,0.0,1.99,3.58,3.05,0.0,5.66,8.61,1.31,7.82,6.08,3.77,0.0,0.0,3.48,13.39,4.89,4.93,11.04,5.51,3.19,3.19,0.0,5.96,0.0,6.09,2.31,6.529999999999999,3.63,0.0,8.32,7.1,5.26,1.94,10.709999999999999,10.899999999999999,0.98,2.61,2.03,10.84,0.0,7.52,4.25,3.91,4.9,2.61,5.8,10.67,9.15,Eukaryota,Metazoa,Chordata,Lepidosauria,Sphenodontia,Sphenodontidae,,
0.0,0.0,1.63,0.0,0.0,2.94,0.0,0.0,0.0,0.0,0.0,0.0,0.0,0.0,0.0,0.0,0.0,0.0,0.0,1.63,0.0,0.0,0.0,0.0,0.0,0.0,0.0,0.0,0.0,0.0,0.0,0.0,0.0,0.0,0.0,0.0,0.0,0.0,0.0,0.0,0.0,0.0,0.0,0.0,0.0,0.0,0.0,0.0,0.0,0.0,0.0,0.0,0.0,0.0,0.0,0.0,0.0,0.0,0.0,0.0,0.0,0.0,0.0,2.29,0.0,0.0,0.0,0.0,0.0,0.0,0.0,0.0,0.0,0.0,0.0,0.0,0.0,0.0,0.0,0.0,0.0,0.0,0.0,0.0,0.0,0.0,0.0,0.0,0.0,0.0,0.0,0.0,0.0,0.0,0.0,0.0,0.0,0.0,0.0,0.0,Eukaryota,Metazoa,Chordata,Lepidosauria,Sphenodontia,Sphenodontidae,Sphenodon,
0.0,0.0,0.0,0.0,0.0,0.0,0.0,0.0,0.0,0.0,0.0,0.0,0.0,0.0,0.0,0.0,0.0,0.0,0.42,0.0,0.55,0.0,0.0,0.0,0.0,0.0,0.0,0.0,0.0,0.0,0.0,0.0,0.0,0.0,0.51,0.0,0.0,0.0,0.0,0.0,0.0,0.0,0.0,0.0,16.58,0.0,0.0,0.0,0.0,0.0,0.0,0.0,0.0,0.0,0.0,0.0,0.0,0.0,0.0,0.77,1.76,0.0,0.0,0.0,0.0,0.0,0.0,0.0,0.0,0.0,0.0,0.0,0.0,0.0,0.53,1.4,0.51,0.0,0.0,0.0,0.0,0.0,0.0,0.0,0.77,0.69,0.0,0.0,0.0,0.0,0.0,0.0,0.0,0.0,0.0,0.0,0.0,1.81,0.0,0.0,Eukaryota,Metazoa,Chordata,Lepidosauria,Squamata,,,
0.0,0.0,0.0,0.0,0.0,0.0,0.0,0.0,0.0,0.0,0.0,0.0,0.0,0.0,0.0,0.0,0.0,0.0,0.0,0.0,0.0,0.0,0.0,0.0,0.28,0.0,0.0,0.0,0.0,0.0,0.0,0.0,0.0,0.0,0.0,0.0,0.0,0.0,0.0,0.0,0.0,0.0,0.0,0.0,0.0,0.0,0.0,0.0,0.0,0.0,0.0,0.0,0.0,0.0,0.0,0.0,0.0,0.0,0.0,0.0,0.0,0.0,0.0,0.0,0.0,0.0,0.0,0.0,0.0,0.0,0.0,0.0,0.0,0.0,0.0,0.0,0.0,0.0,0.0,0.0,0.0,0.0,0.0,0.0,0.0,0.0,0.0,0.0,0.0,0.0,0.0,0.0,0.0,0.0,0.0,0.0,0.0,0.0,0.0,0.0,Eukaryota,Metazoa,Chordata,Lepidosauria,Squamata,Phrynosomatidae,,
0.0,0.0,0.0,0.0,0.0,0.0,0.0,0.0,0.0,0.0,0.0,0.78,0.78,0.0,0.0,0.0,0.0,0.0,0.0,0.0,0.0,0.0,0.0,0.0,0.0,0.0,0.0,0.0,0.0,0.0,0.0,0.0,0.0,0.0,0.0,0.0,0.0,0.0,0.0,0.0,0.0,0.0,0.0,0.0,0.0,0.0,0.0,0.0,0.0,0.0,0.0,0.0,0.0,0.0,0.0,0.0,0.0,0.0,0.0,0.0,0.0,0.0,0.0,0.0,0.78,0.0,0.0,0.0,0.0,0.0,0.0,0.0,0.0,0.0,0.0,0.0,0.0,0.0,0.0,0.0,0.0,0.0,0.0,0.0,0.0,0.0,0.0,0.0,0.0,0.0,0.0,0.0,0.0,0.0,0.0,0.0,0.0,0.0,0.0,0.0,Eukaryota,Metazoa,Chordata,Lepidosauria,Squamata,Viperidae,Agkistrodon,Agkistrodon contortrix
0.0,0.0,0.0,0.0,0.0,0.0,0.0,0.0,0.0,0.0,0.0,0.0,0.0,0.0,0.0,0.0,0.0,0.0,0.0,0.0,0.0,0.0,0.0,0.0,0.0,0.0,0.0,0.0,0.0,0.0,0.0,0.0,0.0,0.0,0.0,0.0,0.0,0.0,0.0,0.0,0.0,0.0,0.0,0.0,0.0,0.0,0.0,0.0,0.0,0.0,0.0,0.0,0.0,0.0,0.0,0.0,0.0,0.0,0.0,0.0,0.0,0.0,0.0,0.0,0.0,0.0,0.0,0.0,0.0,0.0,0.0,0.0,0.0,0.0,0.0,0.0,0.0,0.0,0.0,0.0,0.0,0.0,0.89,0.0,0.0,0.0,0.0,0.0,0.0,0.0,0.0,0.0,0.0,0.0,0.0,0.0,0.0,0.0,0.0,0.0,Eukaryota,Metazoa,Chordata,Lepidosauria,Squamata,Viperidae,Agkistrodon,
4.74,0.0,0.0,5.74,3.83,5.0,0.0,4.0,0.0,0.0,2.59,3.09,0.85,0.0,0.0,1.91,0.0,0.0,2.87,4.0,1.91,0.0,3.0,0.0,4.79,2.09,0.96,0.0,2.61,0.85,2.0,0.0,0.0,0.0,0.0,0.0,0.0,0.0,2.96,1.04,4.13,0.0,0.0,0.0,0.0,0.96,0.0,0.0,0.0,0.33,0.0,0.0,0.77,0.0,2.96,0.96,0.0,0.0,4.79,0.0,0.0,4.8,0.0,0.0,1.91,1.8599999999999999,1.04,0.0,0.0,0.0,5.74,1.0,2.87,0.0,0.0,0.0,0.0,0.0,0.0,1.91,0.0,0.0,0.0,0.96,1.91,2.96,0.0,0.0,0.0,0.0,0.0,0.76,1.91,0.0,0.0,0.0,0.0,6.0,4.0,0.0,Eukaryota,Metazoa,Chordata,Lepidosauria,Squamata,Viperidae,,
0.0,0.0,0.0,0.0,0.0,0.0,0.0,0.0,0.0,0.0,0.0,0.0,0.0,0.0,0.0,0.0,0.0,0.0,0.0,0.0,0.0,0.0,0.0,0.0,0.0,0.0,0.0,0.0,0.0,0.0,0.0,0.0,0.0,0.0,0.0,0.0,0.0,0.0,0.0,0.0,0.0,0.0,0.0,0.0,0.0,0.0,0.0,0.0,0.0,0.0,0.0,0.0,0.0,0.0,0.0,0.0,0.0,0.3,0.0,0.0,0.0,0.0,0.0,0.0,0.0,0.0,0.0,0.0,0.0,0.0,0.0,0.0,0.0,0.0,0.0,0.0,0.0,0.0,0.0,0.0,0.0,0.0,0.0,0.0,0.0,0.0,0.0,0.0,0.0,0.0,0.0,0.0,0.0,0.0,0.0,0.0,0.0,0.0,0.0,0.0,Eukaryota,Metazoa,Chordata,Mammalia,Artiodactyla,Balaenopteridae,Balaenoptera,
0.6,0.0,0.0,0.0,0.0,0.0,0.0,0.0,0.0,0.0,0.56,0.0,0.0,0.0,0.0,0.0,0.0,0.59,0.0,0.0,0.0,0.0,0.59,0.0,0.58,0.0,0.0,0.0,0.56,0.6,0.0,0.0,0.6,0.0,1.16,0.0,0.0,0.0,0.0,0.0,0.0,0.0,0.0,0.0,1.19,0.6,0.0,0.0,0.0,0.58,0.0,0.58,0.0,0.0,0.0,0.0,0.0,0.0,0.0,0.0,0.6,0.0,0.0,0.0,0.0,0.0,0.57,0.0,0.0,0.0,0.0,0.0,0.0,0.0,0.0,0.0,0.0,0.0,0.0,0.0,0.0,0.0,0.57,0.58,0.0,0.0,0.0,0.0,0.0,0.0,0.0,0.0,0.0,0.0,0.0,0.0,0.0,0.59,0.57,0.56,Eukaryota,Metazoa,Chordata,Mammalia,Artiodactyla,Bovidae,Bos,
0.0,0.0,0.0,0.0,0.0,0.0,0.0,0.0,0.0,0.0,0.0,0.0,0.0,0.0,0.0,0.0,0.0,0.0,0.0,0.0,0.64,0.0,0.0,0.0,0.0,0.0,0.0,0.0,0.0,0.0,0.0,0.0,0.0,0.0,0.0,0.0,0.0,0.0,0.0,0.0,0.0,0.0,0.0,0.0,0.0,0.0,0.65,0.0,0.0,0.0,0.0,0.0,0.0,0.0,0.0,0.0,0.0,0.0,0.0,0.62,0.0,0.0,0.0,0.0,0.0,0.0,0.64,0.0,0.0,0.0,0.0,0.0,0.0,0.0,0.0,0.0,0.0,0.0,0.0,0.0,0.0,0.0,0.0,0.0,0.0,0.0,0.0,0.0,0.0,0.0,0.0,0.0,0.0,0.0,0.0,0.0,0.0,0.0,0.0,0.0,Eukaryota,Metazoa,Chordata,Mammalia,Artiodactyla,Bovidae,Capra,Capra hircus
0.0,4.46,0.0,0.0,0.96,0.0,0.0,0.0,0.0,0.0,3.28,4.18,3.83,0.0,0.0,0.0,3.19,0.3,2.55,0.3,3.4899999999999998,0.0,0.0,0.0,7.64,0.8,0.3,0.0,1.69,0.6,0.6,0.0,0.0,0.0,0.0,1.65,0.22,0.0,5.7,0.9199999999999999,0.0,0.6,0.88,0.0,0.0,4.930000000000001,0.9,0.3,0.0,0.9,2.37,0.3,0.6,2.51,0.6,0.0,0.0,0.0,1.2,1.49,0.0,5.3100000000000005,0.3,1.04,0.3,0.3,0.59,0.0,3.15,1.91,0.59,0.6,0.0,0.0,0.0,0.3,0.3,0.0,0.0,0.0,0.0,0.59,0.6,0.6,0.0,1.8199999999999998,0.3,0.0,0.0,0.0,0.89,1.19,0.6,0.0,0.0,0.0,9.78,0.0,1.19,3.58,Eukaryota,Metazoa,Chordata,Mammalia,Artiodactyla,Bovidae,,
0.0,0.0,0.0,0.0,0.0,0.0,0.0,0.0,0.0,0.0,0.0,0.0,0.0,0.0,0.0,0.0,0.0,0.0,0.0,0.0,0.0,0.0,0.0,0.0,0.0,0.0,0.0,0.3,0.0,0.0,0.0,0.0,0.0,0.0,0.0,0.0,0.0,0.0,0.0,0.0,0.0,0.0,0.0,0.0,0.0,0.0,0.0,0.0,0.0,0.0,0.0,0.0,0.0,0.0,0.0,0.0,0.0,0.0,0.0,0.0,0.0,0.6,0.0,0.0,0.0,0.0,0.0,0.0,0.0,0.0,0.0,0.0,0.0,0.0,0.0,0.0,0.0,0.0,0.0,0.0,0.0,0.0,0.0,0.0,0.0,0.0,0.0,0.0,0.0,0.0,0.0,0.0,0.0,0.0,0.0,0.0,0.0,0.0,0.0,0.0,Eukaryota,Metazoa,Chordata,Mammalia,Artiodactyla,Bovidae,Pantholops,
0.0,0.0,0.0,0.0,0.0,0.0,0.0,0.0,0.4,0.0,0.0,1.91,0.0,0.0,0.0,0.0,0.0,0.0,0.0,0.0,0.0,0.0,0.0,0.0,0.0,0.0,0.0,0.0,0.0,0.0,0.0,0.0,0.0,0.0,1.73,0.0,0.0,0.0,1.67,0.0,0.0,0.0,0.0,0.0,0.0,0.0,0.0,0.0,0.0,0.0,0.0,0.0,0.0,0.0,0.0,0.0,0.0,0.0,0.0,0.0,0.0,0.0,0.0,0.0,0.0,0.0,0.0,0.0,0.0,0.0,1.07,0.0,0.0,0.0,0.0,0.0,0.53,0.0,0.0,0.0,0.0,0.0,0.0,0.0,0.0,0.0,0.0,0.94,0.0,0.0,0.0,0.0,0.0,0.0,0.0,0.0,1.83,0.0,2.44,0.0,Eukaryota,Metazoa,Chordata,Mammalia,Artiodactyla,Camelidae,,
0.0,0.0,0.0,0.0,0.0,0.0,0.0,0.0,0.0,0.0,0.0,0.0,0.0,0.0,0.0,0.0,0.0,0.0,0.0,0.0,0.0,0.0,0.0,0.0,0.0,0.0,0.0,0.0,0.0,0.0,0.0,0.0,0.0,0.0,0.0,0.0,0.0,0.0,0.0,0.0,0.0,0.0,0.0,0.0,0.0,0.0,0.0,0.0,0.0,0.0,0.0,0.0,0.0,0.0,0.0,0.0,0.0,0.0,0.0,0.0,0.0,0.0,0.0,0.0,0.0,0.0,0.0,0.0,0.0,0.0,0.0,0.0,0.0,3.55,0.0,0.0,0.0,0.0,0.0,0.0,0.0,0.0,0.0,0.0,0.0,0.0,0.0,0.0,0.0,0.0,0.0,0.0,0.0,0.0,0.0,0.0,0.0,0.0,0.0,0.0,Eukaryota,Metazoa,Chordata,Mammalia,Artiodactyla,Cervidae,,
0.96,0.0,1.27,2.56,0.0,2.24,0.95,3.2,1.27,3.18,3.52,2.56,1.6,0.0,1.59,1.31,0.64,1.28,1.28,0.96,3.2,0.0,0.95,0.0,1.92,0.96,1.92,1.92,1.92,0.64,2.24,0.0,1.6,0.0,0.0,2.24,1.59,2.56,2.88,0.0,0.0,0.96,0.0,0.0,0.0,0.64,1.28,1.92,1.92,1.28,0.0,2.56,0.0,0.94,2.24,1.6,0.0,1.92,1.92,5.12,2.24,2.24,0.0,0.0,0.0,1.28,1.28,2.25,0.0,2.56,0.0,1.6,0.0,0.0,0.0,2.56,2.24,0.96,2.88,2.56,2.24,0.64,2.24,3.2,2.24,2.56,1.28,3.52,0.0,0.98,0.0,2.3,3.2,2.24,3.52,1.27,3.53,3.51,3.53,0.0,Eukaryota,Metazoa,Chordata,Mammalia,Artiodactyla,Delphinidae,,
0.0,0.0,0.0,0.0,0.0,0.0,0.0,0.0,0.0,0.0,0.0,0.0,0.0,0.0,0.0,0.0,0.0,0.0,0.0,0.0,0.0,0.0,0.0,0.0,0.0,0.0,0.0,0.0,0.0,0.0,0.0,0.0,0.0,0.0,0.0,0.0,0.0,0.0,0.0,0.0,0.0,0.0,0.0,0.0,0.0,0.0,0.0,0.0,0.0,0.0,1.6,0.0,0.0,0.0,0.0,0.0,0.0,0.0,0.0,0.0,0.0,0.0,0.0,0.0,0.0,0.0,0.0,0.0,0.0,0.0,0.0,0.0,0.0,0.0,0.0,0.0,0.0,0.0,0.0,0.0,0.0,0.0,0.0,0.0,0.0,0.0,0.0,0.0,0.0,0.0,0.0,0.0,0.0,0.0,0.0,0.0,0.0,0.0,0.0,0.0,Eukaryota,Metazoa,Chordata,Mammalia,Artiodactyla,Delphinidae,Tursiops,
0.0,0.0,0.0,0.0,0.0,1.08,1.73,0.0,0.0,0.0,2.57,0.0,0.86,0.0,0.65,0.0,0.0,1.08,0.0,2.37,0.0,0.0,0.0,0.0,1.08,0.0,0.0,2.59,1.95,1.3,1.51,0.0,0.0,0.0,0.0,0.0,0.0,1.51,1.3,0.0,1.3,2.35,0.0,0.0,0.0,1.08,2.59,1.07,0.0,1.3,0.0,2.38,1.51,2.59,0.0,0.0,0.0,0.64,0.0,0.0,0.86,0.65,0.0,0.0,0.0,0.65,2.38,0.0,0.86,0.0,0.0,0.86,0.0,0.0,0.0,0.0,0.65,0.0,1.73,0.0,0.0,0.0,1.73,0.86,0.64,1.51,1.51,0.0,0.0,0.0,1.51,1.3,2.16,0.0,0.0,0.0,4.09,0.0,0.86,0.0,Eukaryota,Metazoa,Chordata,Mammalia,Artiodactyla,Lipotidae,,
9.91,1.4,1.92,5.609999999999999,7.99,8.33,4.68,8.95,14.96,13.73,2.54,18.64,4.62,6.35,4.45,3.83,0.0,8.02,0.0,7.16,3.4799999999999995,7.48,7.6899999999999995,11.01,3.12,7.17,10.59,5.83,5.949999999999999,11.11,9.440000000000001,13.040000000000001,2.12,0.0,15.61,6.6,10.129999999999999,13.17,6.08,2.55,6.12,7.63,16.14,3.47,1.18,9.97,13.87,11.190000000000001,11.41,10.870000000000001,7.11,10.77,14.67,4.74,9.219999999999999,1.28,5.46,7.27,10.94,0.0,15.149999999999999,0.0,16.12,12.22,1.8199999999999998,2.55,10.14,2.96,4.23,14.979999999999999,7.45,2.89,4.15,19.19,11.6,7.630000000000001,9.39,7.07,1.69,2.55,3.59,16.71,7.65,9.31,8.26,2.75,8.92,8.58,0.0,2.95,7.14,6.34,12.83,19.52,3.42,3.83,2.33,11.07,5.24,13.41,Eukaryota,Metazoa,Chordata,Mammalia,Artiodactyla,,,
0.0,0.0,0.0,0.0,0.0,0.0,0.0,0.0,0.0,0.0,0.0,0.0,0.0,0.0,0.0,0.0,0.0,0.0,0.0,0.0,4.24,0.0,0.0,0.0,0.0,0.0,0.0,0.0,0.0,0.0,0.0,0.0,0.0,0.0,0.0,0.0,0.0,5.89,2.36,0.0,0.0,0.0,0.0,0.0,0.0,0.0,0.0,0.0,0.0,0.0,0.0,0.0,0.0,0.0,0.0,0.0,0.0,0.0,0.0,0.0,0.0,1.88,2.36,0.0,0.0,0.0,0.0,0.0,0.0,0.0,0.0,0.0,0.0,0.0,0.0,0.0,0.0,0.0,2.83,0.0,0.0,0.0,0.0,0.0,0.0,0.0,0.0,0.0,0.0,0.0,0.0,0.0,0.0,0.0,0.0,0.0,0.0,0.0,0.0,0.0,Eukaryota,Metazoa,Chordata,Mammalia,Artiodactyla,Phocoenidae,,
0.0,0.0,0.0,0.0,0.0,0.0,0.0,0.0,0.0,0.0,0.0,0.0,0.0,0.0,0.0,0.0,0.0,0.0,0.0,0.0,0.0,0.0,0.0,0.0,0.0,0.0,0.0,0.0,0.0,0.0,0.0,0.0,0.0,0.0,0.0,0.0,0.0,0.0,0.0,0.0,0.0,0.0,0.0,0.0,0.0,0.0,0.0,0.0,0.0,0.0,0.0,0.0,0.0,0.0,0.0,0.0,0.0,0.0,0.0,0.0,0.0,0.0,0.0,0.0,0.0,0.0,0.0,0.46,0.0,0.0,0.0,0.0,0.0,0.0,0.0,0.0,0.0,0.0,0.0,0.0,0.0,0.0,0.0,0.0,0.0,0.0,0.0,0.0,0.0,0.0,0.0,0.0,0.0,0.0,0.0,0.0,0.0,0.0,0.0,0.0,Eukaryota,Metazoa,Chordata,Mammalia,Artiodactyla,Physeteridae,,
0.0,0.0,0.0,0.0,5.24,0.0,0.0,0.0,2.3200000000000003,4.08,6.3,9.870000000000001,0.59,2.6,2.59,5.8,1.45,3.77,2.6,0.59,6.39,9.04,0.41,0.88,0.0,1.16,0.88,1.47,1.18,0.59,1.18,0.88,0.0,0.0,2.31,0.0,1.47,2.35,1.18,5.22,1.17,2.35,2.06,4.38,4.05,5.81,1.77,1.18,1.17,1.58,4.93,2.01,1.76,4.3500000000000005,0.88,2.89,0.0,4.04,0.0,0.59,0.59,6.93,0.0,4.34,2.6,4.63,2.01,0.88,1.13,1.77,0.0,0.0,5.78,1.18,0.0,0.0,0.88,0.87,0.88,3.18,0.0,0.88,5.76,5.51,6.08,6.46,4.61,0.0,0.0,0.0,1.76,2.67,2.35,2.05,0.0,0.88,4.99,1.47,4.95,0.0,Eukaryota,Metazoa,Chordata,Mammalia,Artiodactyla,Suidae,,
1.18,0.0,0.0,0.0,0.0,1.47,0.0,0.0,0.0,0.0,0.0,0.0,0.0,0.0,0.0,0.0,0.0,0.0,0.0,0.0,0.0,0.0,0.0,0.0,0.0,0.0,0.0,0.0,0.0,0.0,0.0,0.0,2.05,0.0,0.0,0.0,0.0,0.0,0.0,0.0,0.0,0.0,0.0,0.0,0.0,0.0,0.0,0.0,0.0,0.0,0.0,0.0,0.0,0.0,0.0,0.0,0.0,0.0,0.0,0.0,0.0,0.0,0.0,0.0,0.0,0.0,0.0,0.0,0.0,0.0,0.0,0.0,0.0,0.0,0.0,0.0,0.0,0.0,0.0,0.0,0.0,0.0,0.0,0.0,0.0,0.0,0.0,0.0,0.0,0.0,0.0,0.0,0.0,0.0,0.0,0.0,0.0,0.0,0.0,0.0,Eukaryota,Metazoa,Chordata,Mammalia,Artiodactyla,Suidae,Sus,
0.0,0.0,0.0,0.0,0.0,0.0,0.0,0.0,0.0,0.0,0.0,0.0,0.0,0.0,0.0,0.0,0.0,0.0,0.0,0.0,0.0,0.0,0.0,0.0,0.0,0.0,0.0,0.0,0.0,0.0,0.0,0.0,0.0,0.0,0.0,0.0,0.0,0.0,0.0,0.0,0.0,0.0,0.0,0.0,0.0,0.0,0.0,0.0,0.0,0.0,0.0,0.0,0.0,0.0,0.0,0.0,0.0,0.0,0.0,0.0,0.0,0.0,0.0,0.0,0.0,0.0,0.95,0.0,0.0,0.0,0.0,0.0,0.0,0.0,0.0,0.0,0.0,0.0,0.0,0.0,0.0,0.0,0.0,0.0,0.0,0.0,0.0,0.0,0.0,0.0,0.0,0.0,0.0,0.0,0.0,0.0,0.0,0.0,0.0,0.0,Eukaryota,Metazoa,Chordata,Mammalia,Artiodactyla,Suidae,Sus,Sus scrofa
0.0,0.0,0.0,0.0,0.0,0.0,0.0,0.0,0.0,0.0,0.0,0.0,0.0,0.0,0.0,0.0,0.0,0.0,0.0,0.0,0.0,0.0,0.0,0.0,0.0,0.0,0.0,0.0,0.0,0.0,0.0,0.0,0.0,0.0,0.0,0.0,0.0,0.0,0.0,0.0,0.0,0.0,0.0,0.0,0.0,0.0,0.0,0.0,0.0,0.0,0.0,0.0,0.0,0.0,0.0,0.0,0.0,0.0,0.0,0.0,0.0,0.0,0.0,0.0,0.0,0.0,0.0,0.0,0.0,0.0,0.0,0.0,0.0,0.0,0.0,0.0,0.0,0.0,0.0,0.5,0.0,0.0,0.0,0.0,0.0,0.0,0.0,0.0,0.0,0.0,0.0,0.0,0.0,0.0,0.0,0.0,0.0,0.0,0.0,0.0,Eukaryota,Metazoa,Chordata,Mammalia,Carnivora,Canidae,,
4.32,0.0,5.76,4.54,3.63,5.53,4.08,3.2,5.59,3.22,3.18,6.16,5.28,1.89,7.45,6.24,5.76,2.84,2.84,3.84,4.14,3.62,3.78,1.38,4.67,2.71,2.3,2.84,5.45,1.44,2.3,5.53,0.0,0.0,0.0,6.23,3.79,3.74,0.95,4.26,7.47,3.63,1.82,0.0,4.8,1.92,5.21,4.14,5.21,3.79,1.38,3.73,3.26,1.92,7.82,2.3,3.32,6.16,2.72,4.54,3.36,4.8,3.22,4.14,2.72,2.34,2.3,0.91,1.87,2.3,3.63,3.32,3.68,3.63,4.09,2.8,2.76,5.21,3.32,4.26,3.22,3.79,4.13,3.74,5.68,2.72,0.95,5.21,0.45,3.18,0.91,1.87,5.53,2.3,1.38,1.84,6.54,5.21,4.14,4.99,Eukaryota,Metazoa,Chordata,Mammalia,Carnivora,Felidae,Acinonyx,Acinonyx jubatus
0.0,0.0,0.0,0.0,0.0,0.0,0.0,0.0,0.0,0.0,0.0,0.0,0.0,0.0,0.0,0.0,0.0,0.0,0.0,0.0,0.0,0.0,0.0,0.0,0.0,0.0,0.0,0.0,0.0,0.0,0.0,0.0,0.0,0.0,0.0,1.43,0.0,0.86,0.0,0.0,0.0,0.0,0.0,0.0,0.0,0.0,0.0,0.0,0.0,0.0,0.0,0.0,0.0,0.0,0.0,0.0,0.0,0.0,0.0,0.0,0.0,0.0,0.0,0.0,0.0,0.0,0.0,0.0,0.0,0.0,0.0,0.0,0.0,0.0,0.0,0.0,0.0,0.0,0.0,0.0,0.0,0.0,0.0,0.0,0.0,0.0,0.0,0.0,0.0,0.0,0.0,0.0,0.0,0.0,0.0,0.0,0.0,0.0,0.0,0.0,Eukaryota,Metazoa,Chordata,Mammalia,Carnivora,Felidae,Felis,
1.7599999999999998,0.0,2.0,2.79,0.0,1.44,0.0,2.33,3.09,6.97,3.6599999999999997,2.4699999999999998,1.71,0.0,2.57,1.42,0.0,2.0,2.9,2.05,1.14,0.57,0.0,1.43,1.14,1.43,2.33,2.23,0.0,1.81,3.04,1.19,0.0,0.0,0.0,0.0,4.46,2.13,2.14,2.38,5.5,0.86,3.44,0.0,1.43,0.0,2.0,1.71,0.57,2.9499999999999997,2.62,2.6999999999999997,2.12,3.5700000000000003,2.05,0.0,0.86,0.85,0.0,1.14,3.1399999999999997,7.609999999999999,2.23,0.0,0.0,1.19,2.23,1.19,2.71,2.8,2.56,1.14,1.97,0.57,1.42,1.19,4.82,2.28,1.66,0.0,1.43,2.4699999999999998,3.1399999999999997,1.13,0.0,0.86,1.42,1.43,1.43,0.57,0.0,2.32,1.9,1.43,1.43,1.52,3.0,0.86,2.71,1.14,Eukaryota,Metazoa,Chordata,Mammalia,Carnivora,Felidae,,
0.0,0.0,0.0,0.48,0.48,1.96,0.0,0.0,1.0,0.0,1.44,1.02,1.56,0.0,0.0,0.0,0.0,0.0,0.0,0.0,2.88,0.48,0.51,0.0,0.0,0.48,0.0,0.51,0.96,1.04,0.49,0.49,2.09,0.0,0.0,0.0,1.02,0.0,0.0,0.0,0.0,0.48,0.48,0.0,0.0,0.52,1.01,1.96,1.01,1.02,0.48,0.5,2.0,0.0,0.0,0.0,0.0,0.0,0.48,0.0,1.04,0.0,0.0,0.98,0.48,0.5,0.97,0.0,0.0,2.44,0.0,0.0,0.49,0.0,0.48,0.5,0.48,1.02,0.51,0.0,0.98,3.03,1.47,0.5,0.51,1.44,0.51,0.0,0.48,0.0,0.48,1.0,1.95,1.45,0.49,0.0,1.0,0.0,0.49,1.44,Eukaryota,Metazoa,Chordata,Mammalia,Carnivora,Felidae,Panthera,
0.0,0.0,0.0,0.0,0.0,0.0,0.0,0.0,0.0,0.0,0.0,0.0,0.0,0.0,0.0,0.0,0.0,0.0,0.0,0.0,0.0,0.0,0.0,0.0,0.0,0.0,0.0,0.0,0.0,0.0,0.0,0.0,0.0,0.0,0.0,0.0,0.0,0.0,0.0,0.0,0.0,0.0,0.0,0.0,0.0,0.0,0.0,0.0,0.0,0.0,0.0,0.0,0.0,0.0,0.0,0.0,0.0,0.0,0.0,0.0,0.0,0.0,0.0,0.0,0.0,0.0,0.0,0.0,0.0,0.0,0.0,0.0,0.0,0.81,0.0,0.0,0.0,0.0,0.0,0.0,0.0,0.0,0.0,0.0,0.0,0.0,0.0,0.0,0.0,0.0,0.0,0.0,0.0,0.0,0.0,0.0,0.0,0.0,0.0,0.59,Eukaryota,Metazoa,Chordata,Mammalia,Carnivora,Mustelidae,,
3.78,0.0,1.18,1.19,3.23,2.59,4.02,0.0,1.09,3.5200000000000005,12.08,13.5,0.43,0.0,0.68,2.6,0.95,0.67,0.0,0.23,0.23,0.87,5.8,0.0,7.59,0.0,0.67,2.95,7.9,6.4399999999999995,1.69,0.0,0.0,0.0,0.0,3.0300000000000002,2.84,6.99,10.45,0.0,0.84,11.5,4.73,3.5999999999999996,2.13,1.63,7.63,10.54,0.0,7.73,0.66,3.3,3.55,13.04,0.47,1.14,0.0,1.2,2.56,0.66,4.7,3.78,1.6800000000000002,1.71,0.57,0.0,8.120000000000001,1.07,0.0,3.47,1.61,2.31,1.14,0.0,0.71,1.08,1.8599999999999999,0.91,0.23,1.8699999999999999,2.32,6.86,2.07,4.02,4.92,5.95,2.4899999999999998,0.0,0.0,0.0,6.54,1.25,9.52,1.4700000000000002,2.49,0.0,9.42,0.0,1.07,12.21,Eukaryota,Metazoa,Chordata,Mammalia,Carnivora,,,
0.66,0.0,0.44,0.0,0.66,0.0,0.0,0.0,0.0,2.08,0.0,1.75,0.0,0.0,0.0,0.0,0.0,0.0,0.44,0.65,0.0,0.0,0.0,0.87,0.0,0.0,0.0,2.31,0.0,0.0,0.44,0.0,0.0,0.0,0.0,0.0,1.53,0.0,0.66,0.0,0.0,0.66,0.0,0.0,0.0,0.0,0.0,0.0,0.0,0.44,0.0,0.44,1.25,1.74,0.0,0.0,0.44,0.66,0.66,0.0,0.0,0.0,0.0,0.66,0.0,0.0,0.0,0.44,0.87,0.0,0.0,0.0,0.0,0.0,0.0,0.0,0.0,0.44,2.53,0.0,0.0,0.44,0.0,0.0,0.0,1.53,0.87,0.43,0.0,0.0,0.0,0.44,1.09,0.0,0.0,0.0,1.66,0.44,1.31,0.0,Eukaryota,Metazoa,Chordata,Mammalia,Carnivora,Odobenidae,,
0.0,0.0,0.0,0.0,0.0,0.0,0.0,0.0,0.0,0.0,0.0,0.0,0.0,0.0,0.0,0.0,0.0,0.0,0.0,0.0,0.0,0.0,0.0,0.0,0.0,0.0,0.0,0.0,0.0,0.0,0.31,0.0,0.0,0.0,0.0,0.0,0.0,0.0,0.0,0.0,0.0,0.0,0.0,0.0,0.0,0.0,0.0,0.0,0.0,0.0,0.0,0.0,0.0,0.0,0.0,0.0,0.0,0.0,0.0,0.0,0.0,0.0,0.0,0.0,0.0,0.0,0.0,0.0,0.0,0.0,0.0,0.0,0.0,0.0,0.0,0.0,0.0,0.0,0.0,0.0,0.0,0.0,0.0,0.0,0.0,0.0,0.0,0.0,0.0,0.0,0.0,0.0,0.0,0.0,0.0,0.0,0.0,0.0,0.0,0.0,Eukaryota,Metazoa,Chordata,Mammalia,Carnivora,Otariidae,Callorhinus,Callorhinus ursinus
0.0,0.0,0.0,0.0,0.0,0.0,0.0,0.0,0.0,0.0,0.0,0.0,0.0,0.0,0.0,0.0,0.0,0.0,0.0,1.4,0.0,0.0,0.0,0.0,0.0,0.0,0.0,0.0,0.0,0.0,0.0,0.0,0.0,0.0,0.0,0.0,0.0,0.0,0.0,0.0,0.0,0.0,0.0,0.0,0.0,0.0,0.0,0.0,0.0,0.0,0.0,0.0,0.0,0.0,0.0,0.0,0.0,0.0,0.0,0.0,0.0,0.0,0.0,0.0,0.0,0.0,0.0,0.0,0.0,0.0,0.0,0.0,0.0,0.0,0.0,0.0,0.0,0.0,0.0,0.0,0.0,0.0,0.0,0.0,0.0,0.0,0.0,0.0,0.0,0.0,0.0,0.0,0.0,0.0,0.0,0.0,0.0,0.0,0.0,0.0,Eukaryota,Metazoa,Chordata,Mammalia,Carnivora,Phocidae,Leptonychotes,
0.0,0.0,0.0,1.59,0.0,0.0,0.0,1.56,0.0,0.0,3.38,0.0,0.0,0.0,0.0,0.34,0.0,0.0,0.0,0.0,0.0,0.0,0.0,0.0,0.0,0.0,0.0,1.4,0.0,0.0,0.0,1.18,0.0,0.0,0.0,0.0,0.0,0.0,0.0,0.0,2.19,0.0,0.0,0.0,0.0,0.0,0.0,0.0,0.0,0.0,0.0,0.0,0.0,0.0,0.0,0.0,0.0,0.0,0.0,0.0,0.0,0.0,0.0,0.0,0.0,0.0,0.0,0.0,0.0,0.0,0.0,0.0,0.0,1.77,0.0,0.0,0.0,0.0,0.0,0.0,0.0,0.0,0.0,0.0,0.0,0.0,0.0,0.0,0.0,0.0,0.0,0.0,0.0,0.0,0.59,0.79,2.78,0.0,0.0,0.0,Eukaryota,Metazoa,Chordata,Mammalia,Carnivora,Phocidae,,
0.0,0.0,0.0,0.0,0.0,0.0,0.0,0.0,0.0,0.0,0.0,0.0,0.0,0.0,0.0,0.0,0.0,0.0,0.0,0.0,0.0,0.0,0.0,0.0,0.0,0.0,0.0,0.0,0.0,0.0,0.0,0.0,0.0,0.0,0.0,0.0,0.0,0.0,0.0,0.0,0.0,0.0,0.0,0.0,0.0,0.0,0.0,0.0,0.0,0.0,0.0,0.0,0.0,0.0,0.0,0.0,0.0,0.0,0.0,0.0,0.0,0.0,0.0,0.0,0.0,0.0,0.0,0.0,0.0,0.0,0.0,0.0,0.0,0.0,0.0,0.0,0.0,0.0,0.0,0.0,0.0,0.0,0.0,0.0,0.0,0.0,0.0,0.0,0.0,0.0,0.0,0.0,0.0,0.0,0.0,0.0,0.0,0.0,0.65,0.0,Eukaryota,Metazoa,Chordata,Mammalia,Carnivora,Phocidae,Neomonachus,
0.0,1.63,0.0,0.0,0.0,0.0,0.0,0.81,0.0,0.0,0.0,0.0,0.0,0.0,0.0,0.0,0.0,0.0,0.0,0.0,0.0,0.81,0.0,0.0,0.0,0.0,0.0,0.0,0.0,0.0,0.0,0.0,0.0,0.0,0.0,0.0,0.81,0.0,0.0,0.0,0.0,0.0,0.0,0.0,0.0,3.76,0.0,0.81,0.0,0.0,3.75,2.68,2.41,0.0,0.0,0.0,0.0,0.0,0.0,0.0,0.0,0.0,0.0,0.0,0.0,0.0,0.0,0.0,0.81,0.0,0.81,0.0,0.0,0.0,0.0,0.0,0.0,0.0,0.0,0.0,0.0,1.07,0.0,0.0,0.0,0.0,0.0,0.0,0.0,0.0,0.0,0.0,0.0,0.0,0.0,0.0,0.0,0.0,0.0,0.0,Eukaryota,Metazoa,Chordata,Mammalia,Carnivora,Ursidae,,
6.24,0.0,16.55,2.41,1.35,6.03,6.94,25.34,11.83,11.57,38.76,28.21,5.2,8.76,14.68,2.6,14.4,18.46,16.240000000000002,7.73,5.82,4.0600000000000005,1.97,3.82,19.48,4.48,8.28,34.08,4.38,4.65,2.69,3.37,0.0,0.0,0.43,9.71,17.2,4.67,11.15,22.17,28.19,17.9,19.380000000000003,0.0,8.58,18.66,25.76,27.96,13.99,16.57,25.099999999999998,21.79,30.990000000000002,24.419999999999998,18.09,5.970000000000001,6.1000000000000005,0.41,0.96,0.85,24.35,28.88,29.42,22.5,4.06,3.13,22.619999999999997,8.34,6.09,1.73,17.95,6.39,5.619999999999999,0.0,17.3,17.76,8.65,14.02,32.190000000000005,23.790000000000003,4.46,2.23,24.94,5.26,21.94,28.33,23.64,21.41,1.0,0.3,13.97,6.28,17.369999999999997,5.199999999999999,14.76,6.19,21.53,8.16,23.29,11.43,Eukaryota,Metazoa,Chordata,Mammalia,Chiroptera,Hipposideridae,,
27.69,1.5299999999999998,50.84,23.259999999999998,28.8,22.8,6.51,22.29,26.65,33.06,25.94,72.35,28.23,8.0,36.449999999999996,31.99,10.54,21.54,14.09,62.57,39.49,47.75,67.72,38.6,13.64,34.07,31.0,32.17,18.63,32.16,35.07,53.9,4.96,16.34,6.11,27.64,40.68,43.82,36.32,20.07,30.12,55.74,39.92,21.67,30.69,43.730000000000004,29.87,17.6,25.15,23.02,44.51,33.1,25.68,32.97,24.7,3.78,5.99,62.599999999999994,19.41,42.269999999999996,39.1,45.480000000000004,36.23,29.82,10.91,16.52,64.71000000000001,23.14,8.01,56.1,17.39,13.68,10.290000000000001,73.78999999999999,31.34,18.04,29.990000000000002,32.93,16.91,27.33,16.6,37.879999999999995,21.259999999999998,38.65,30.17,31.67,26.97,15.32,13.96,8.100000000000001,9.49,9.239999999999998,51.36,54.669999999999995,17.96,12.98,30.85,23.06,27.65,36.61,Eukaryota,Metazoa,Chordata,Mammalia,Chiroptera,,,
1.71,0.0,0.78,0.0,1.71,5.45,1.14,0.86,1.7,2.56,5.01,5.8999999999999995,4.4799999999999995,0.0,1.99,2.4299999999999997,0.78,1.71,3.52,0.0,2.28,0.0,1.71,2.27,2.27,1.78,1.71,4.6,0.0,1.1800000000000002,0.0,4.25,1.81,0.0,2.57,4.66,3.08,2.8,1.58,3.55,2.64,2.27,3.13,6.08,0.0,1.14,1.42,0.93,1.63,2.89,3.98,2.84,2.55,4.15,0.93,0.0,0.0,2.31,3.12,1.99,2.43,2.3,0.0,3.17,1.79,1.7,5.76,0.85,0.0,0.0,0.0,0.85,1.14,1.71,0.0,0.0,3.41,3.59,5.12,0.0,0.0,2.49,3.68,2.58,1.99,0.62,0.57,1.14,0.85,0.0,1.14,0.62,0.0,1.71,0.0,0.0,0.0,2.49,2.33,0.0,Eukaryota,Metazoa,Chordata,Mammalia,Chiroptera,Phyllostomidae,,
1.42,0.0,0.0,0.0,0.0,0.0,0.0,0.0,0.0,0.0,0.0,0.0,0.0,0.0,0.0,0.0,0.0,0.0,0.0,2.75,0.0,0.0,0.0,0.0,0.0,0.0,0.0,0.0,0.0,0.0,0.0,0.0,0.0,0.0,0.0,0.0,0.0,0.0,0.0,0.0,0.0,0.0,0.0,0.0,0.0,0.0,0.0,0.0,0.0,0.0,0.0,0.0,0.0,0.0,0.0,0.0,0.0,0.0,0.0,0.0,0.0,0.0,0.0,0.0,0.0,0.0,0.0,0.0,0.0,0.0,0.0,0.0,0.0,0.0,0.0,0.0,0.0,0.0,0.0,0.0,0.0,0.0,0.0,0.0,0.0,0.0,0.0,0.0,0.0,0.0,0.0,0.0,0.0,0.0,0.0,0.0,0.0,0.0,0.0,0.0,Eukaryota,Metazoa,Chordata,Mammalia,Chiroptera,Phyllostomidae,Phyllostomus,
7.0,0.0,1.87,4.83,2.35,2.86,1.1600000000000001,3.14,5.1,6.66,3.53,8.62,4.99,3.41,3.4,4.140000000000001,0.0,3.61,3.6500000000000004,0.25,5.83,2.6,4.609999999999999,5.180000000000001,3.94,2.61,0.0,6.16,4.39,4.16,1.35,2.73,1.58,0.0,4.03,3.33,3.4,8.42,3.59,6.21,5.43,6.9,9.19,11.82,0.0,3.2600000000000002,2.88,4.76,0.0,4.23,6.4,3.62,6.859999999999999,4.9,2.62,2.21,0.74,2.63,3.14,4.31,1.1099999999999999,4.51,7.6899999999999995,2.86,1.9500000000000002,3.41,9.299999999999999,1.78,1.83,2.81,0.0,2.36,2.36,1.77,2.36,5.6,3.89,3.2600000000000002,8.77,3.68,1.6800000000000002,3.6,3.3400000000000003,3.8899999999999997,4.63,6.24,4.4399999999999995,5.010000000000001,1.42,2.09,2.42,2.73,7.390000000000001,2.34,1.11,3.25,3.51,3.91,2.34,4.19,Eukaryota,Metazoa,Chordata,Mammalia,Chiroptera,Pteropodidae,,
0.0,0.0,0.0,0.0,0.0,0.0,0.0,0.0,0.0,0.0,0.0,0.0,0.0,0.0,0.0,0.0,0.0,0.75,0.0,0.0,0.0,0.0,0.0,0.0,0.0,0.0,0.0,0.0,0.0,0.0,0.0,0.0,0.0,0.0,0.0,0.0,0.0,0.0,0.0,0.0,0.0,0.0,0.0,0.0,0.0,0.0,0.0,0.0,0.0,0.0,0.0,0.0,0.0,0.0,0.0,0.0,0.0,0.0,0.0,0.0,0.0,0.0,0.0,0.0,0.0,0.0,0.0,0.0,0.0,0.0,0.0,0.0,0.0,0.0,0.0,0.0,0.0,0.0,0.0,0.0,0.0,0.0,0.0,0.0,0.0,0.0,0.0,0.0,0.0,0.0,0.0,0.5,0.0,0.0,0.0,0.0,0.0,0.0,0.0,0.0,Eukaryota,Metazoa,Chordata,Mammalia,Chiroptera,Pteropodidae,Pteropus,
0.0,0.0,0.0,0.0,0.0,0.0,0.0,0.0,0.37,0.0,0.0,0.0,0.0,0.0,0.0,0.0,5.24,0.61,0.37,2.89,0.0,0.0,0.0,0.0,0.0,0.0,0.0,0.0,0.0,0.0,3.15,1.84,0.0,0.0,0.0,0.0,0.0,0.0,0.0,0.0,0.0,0.0,0.0,0.0,0.0,0.0,2.1,0.0,0.0,0.0,0.0,0.0,0.41,2.89,0.0,0.0,1.84,0.0,0.0,0.0,4.99,0.0,0.0,0.0,0.0,0.0,0.0,0.0,0.74,0.0,0.0,0.0,0.0,0.0,0.0,0.0,0.0,0.0,0.0,0.0,0.0,2.36,0.0,1.11,0.0,0.0,0.0,0.0,0.0,0.0,0.0,0.0,0.0,0.0,0.0,0.0,0.0,0.0,0.0,0.0,Eukaryota,Metazoa,Chordata,Mammalia,Chiroptera,Pteropodidae,Rousettus,
1.44,0.0,1.21,1.59,0.46,1.16,2.28,0.46,1.64,1.86,1.59,2.38,2.66,1.43,1.41,1.21,0.72,0.71,1.67,1.45,1.62,1.37,0.95,1.16,2.25,1.82,2.31,0.95,0.0,0.0,1.85,2.31,2.17,0.0,1.17,3.38,1.43,0.47,0.71,1.19,1.41,1.36,0.91,0.0,0.97,1.45,3.09,1.62,1.43,1.43,0.69,0.94,0.47,1.69,1.39,0.0,0.0,2.62,2.5,2.28,3.61,0.97,0.0,1.61,0.68,0.47,1.62,0.68,0.0,1.39,1.82,0.48,1.16,1.37,2.5,0.94,1.16,1.43,0.48,1.43,1.16,3.33,0.92,1.64,2.14,2.28,2.62,1.9,0.46,1.14,0.46,0.0,1.85,2.54,1.16,0.46,1.41,1.67,2.31,1.14,Eukaryota,Metazoa,Chordata,Mammalia,Chiroptera,Pteropodidae,Rousettus,Rousettus leschenaultii
6.42,0.0,0.0,2.99,8.61,0.32,3.27,7.36,0.2,5.21,2.59,1.57,4.66,0.0,0.0,4.99,0.99,0.0,4.29,1.43,4.34,5.680000000000001,0.0,3.04,0.0,6.33,4.34,1.79,2.81,0.0,5.21,2.06,4.09,0.0,0.0,2.97,2.68,0.0,0.0,0.37,0.68,2.76,0.93,0.0,2.34,3.64,9.03,0.0,0.42,0.0,0.0,3.48,0.88,0.0,0.0,0.0,1.06,15.7,3.83,0.2,1.14,1.49,9.51,0.42,0.86,0.0,5.28,1.84,1.97,4.6,5.83,0.0,0.22,2.6399999999999997,0.0,3.04,0.85,0.0,3.02,0.0,0.0,2.68,0.0,6.55,0.0,5.54,0.42,1.07,0.47,0.0,2.76,0.0,0.0,0.0,0.0,0.0,2.32,0.0,4.41,4.48,Eukaryota,Metazoa,Chordata,Mammalia,Chiroptera,Rhinolophidae,,
0.0,0.0,0.0,0.0,0.0,0.0,0.0,0.0,0.0,0.0,0.0,0.0,0.0,0.0,0.0,0.0,0.0,0.0,0.0,0.0,0.0,0.0,0.0,0.0,0.0,0.0,0.0,0.0,0.0,0.0,0.0,0.0,0.0,0.0,0.0,0.0,0.0,0.0,0.0,0.0,0.0,0.0,0.0,0.0,0.0,0.0,0.0,0.0,0.0,0.0,0.0,0.0,0.0,0.0,0.0,0.0,0.0,0.0,0.0,0.0,0.0,0.0,0.0,0.0,0.0,0.0,0.0,0.0,0.0,0.4,0.0,0.0,0.0,0.0,0.0,0.0,0.0,0.0,0.0,0.0,0.0,0.0,0.0,0.0,0.0,0.0,0.0,0.0,0.0,0.0,0.0,0.0,0.0,0.0,0.0,0.0,0.0,0.0,0.0,0.0,Eukaryota,Metazoa,Chordata,Mammalia,Chiroptera,Rhinolophidae,Rhinolophus,
0.0,0.0,3.88,4.19,3.13,3.67,4.45,0.0,6.8,5.5,4.44,6.8,7.59,1.3,2.35,4.19,5.75,7.59,6.02,6.81,9.19,0.0,7.67,9.34,7.59,7.5,6.28,6.5,5.5,5.23,5.23,5.5,9.43,0.0,0.5,4.4,6.82,9.16,0.0,5.75,4.98,9.41,0.0,0.0,0.79,7.03,0.0,6.01,4.18,6.39,5.75,6.01,0.0,5.37,7.59,2.88,0.0,11.48,4.97,8.959999999999999,9.09,9.58,0.0,9.11,0.0,3.67,10.45,0.0,3.4,6.02,0.0,3.14,2.75,0.0,0.0,4.2,6.0,2.88,7.59,4.71,3.14,6.4,6.02,6.02,7.32,9.44,7.06,0.0,3.42,3.65,5.46,2.36,9.68,11.25,2.62,3.66,6.81,3.65,6.53,4.44,Eukaryota,Metazoa,Chordata,Mammalia,Chiroptera,Rhinonycteridae,,
7.33,0.0,0.0,0.0,0.0,0.0,0.0,0.0,0.0,0.0,0.0,0.0,0.0,0.0,0.0,0.0,0.0,0.0,0.0,0.0,0.0,0.0,0.0,0.0,0.0,0.0,0.0,0.0,0.0,0.0,0.0,0.0,0.0,0.0,0.0,0.0,0.0,0.0,7.06,0.0,0.0,0.0,0.0,0.0,0.0,0.0,0.0,0.0,0.0,0.0,0.0,0.0,0.0,0.0,0.0,0.0,0.0,0.0,0.0,0.0,0.0,0.0,0.0,0.0,0.0,0.0,0.0,0.0,0.0,0.0,0.0,0.0,0.0,0.0,0.0,0.0,0.0,0.0,0.0,0.0,0.0,0.0,0.0,0.0,0.0,0.0,0.0,0.0,0.0,0.0,0.0,0.0,0.0,0.0,0.0,0.0,0.0,0.0,0.0,0.0,Eukaryota,Metazoa,Chordata,Mammalia,Chiroptera,Rhinonycteridae,Rhinonicteris,
7.57,0.0,0.0,2.39,0.0,7.26,0.0,0.0,1.64,11.27,0.0,0.0,0.0,0.0,0.0,0.0,1.68,4.14,0.0,0.0,4.03,0.0,0.0,3.19,0.0,0.0,2.42,9.95,0.0,0.0,0.0,5.65,0.0,0.0,0.0,2.52,0.0,0.0,0.0,0.0,4.09,0.0,0.0,0.0,0.0,0.0,9.12,0.0,2.49,0.0,14.49,0.0,5.73,5.05,0.0,0.0,0.0,0.0,0.0,0.0,0.0,0.0,0.0,0.0,0.0,0.0,10.45,0.0,0.0,0.0,0.0,0.0,0.0,0.0,0.0,0.0,0.0,0.83,0.0,0.0,0.0,5.81,0.0,0.0,5.81,8.75,6.64,4.15,0.0,0.0,0.0,0.0,0.0,0.0,4.84,5.65,11.44,0.0,0.0,0.0,Eukaryota,Metazoa,Chordata,Mammalia,Chiroptera,Vespertilionidae,Eptesicus,Eptesicus fuscus
0.0,0.0,1.7,0.0,0.0,0.0,0.0,0.0,0.0,0.0,0.0,0.0,0.0,0.0,0.0,3.44,0.0,0.0,0.0,0.0,0.0,4.09,3.36,0.0,0.0,0.0,0.0,0.0,0.0,4.25,1.66,0.0,0.0,0.0,0.0,0.0,9.24,9.95,12.59,0.0,0.0,5.65,0.64,0.0,0.0,0.0,0.0,0.0,0.0,9.38,0.0,6.7,0.0,0.0,3.27,0.0,0.0,0.0,1.61,0.0,4.26,4.8,0.0,6.55,0.0,0.0,0.0,0.0,2.49,0.0,0.0,0.84,0.0,0.0,2.42,7.42,9.0,0.0,2.52,0.0,0.82,0.0,3.25,0.0,0.0,0.0,0.0,0.0,0.0,0.0,4.03,0.0,5.73,2.44,0.0,0.0,0.0,0.0,0.0,9.67,Eukaryota,Metazoa,Chordata,Mammalia,Chiroptera,Vespertilionidae,Eptesicus,
0.0,0.0,0.0,0.0,0.0,0.0,0.0,0.0,0.0,0.0,0.0,0.0,0.0,0.0,0.0,0.0,0.0,0.0,0.0,0.0,0.0,0.0,0.0,0.0,0.0,0.0,0.0,0.0,0.0,0.0,0.0,0.0,0.0,0.0,0.0,0.0,0.0,0.0,0.0,0.0,0.0,0.0,0.0,0.0,0.0,0.0,0.0,0.0,0.0,0.0,0.0,0.0,0.0,0.0,0.0,0.0,0.0,0.0,0.0,0.0,0.0,0.0,0.0,0.0,0.0,0.0,0.0,0.0,0.0,0.0,0.0,0.0,0.0,0.0,0.0,0.0,0.0,0.51,0.0,0.0,0.0,0.0,0.0,0.0,0.0,0.0,0.0,0.0,0.0,0.0,0.0,0.0,0.0,0.0,0.0,0.0,0.0,0.0,0.0,0.0,Eukaryota,Metazoa,Chordata,Mammalia,Chiroptera,Vespertilionidae,Myotis,Myotis brandtii
0.0,0.0,0.0,0.0,0.0,0.0,0.0,0.0,0.0,0.0,0.0,0.0,0.0,0.65,0.0,0.0,0.0,0.0,0.0,0.0,0.0,0.0,0.0,0.0,0.0,0.0,0.0,0.0,0.0,0.0,0.0,0.0,0.0,0.0,0.0,0.0,0.0,0.0,0.0,0.0,0.0,0.0,0.0,0.0,0.0,0.0,0.0,0.0,0.0,0.0,0.0,0.0,0.0,0.0,0.0,0.0,0.0,0.0,0.0,0.0,0.0,0.0,0.0,0.0,0.0,0.0,0.0,0.0,0.0,0.0,0.0,0.0,0.0,0.0,0.0,0.0,0.0,0.0,0.0,0.0,0.0,0.0,2.63,0.0,0.0,0.0,0.0,0.0,0.0,0.0,0.0,0.0,0.0,0.0,0.0,0.0,0.0,0.0,0.0,0.0,Eukaryota,Metazoa,Chordata,Mammalia,Chiroptera,Vespertilionidae,Myotis,
8.44,0.0,7.51,6.84,9.73,5.25,12.690000000000001,6.130000000000001,3.05,6.720000000000001,9.43,18.82,13.899999999999999,0.0,5.45,3.86,0.66,6.4,7.45,19.15,4.71,5.5600000000000005,7.0,4.57,11.64,7.75,4.4399999999999995,7.43,7.17,7.82,1.9500000000000002,2.57,1.1,0.0,8.940000000000001,7.76,6.17,9.41,6.77,13.969999999999999,8.0,2.08,8.07,10.38,5.04,16.73,1.93,8.0,4.38,4.38,1.3599999999999999,5.29,2.27,0.64,7.0,5.140000000000001,2.63,9.11,9.45,9.34,15.879999999999999,10.45,8.88,2.01,6.52,2.45,0.0,6.62,3.62,11.99,11.78,3.66,4.55,3.8100000000000005,3.22,3.74,5.37,6.17,7.640000000000001,11.05,0.64,9.66,3.8499999999999996,10.14,7.18,3.9299999999999997,1.9500000000000002,2.84,4.64,4.5600000000000005,1.35,3.9099999999999997,1.93,1.69,4.31,4.0,2.58,28.48,8.33,2.18,Eukaryota,Metazoa,Chordata,Mammalia,Chiroptera,Vespertilionidae,,
0.0,0.0,0.0,0.0,0.46,0.0,0.0,0.0,0.0,0.0,0.0,0.0,0.0,0.0,0.0,0.0,0.0,0.0,0.0,0.0,0.0,0.0,0.0,0.0,0.0,0.0,0.0,0.0,0.92,0.0,0.0,0.0,0.0,0.0,0.0,0.0,0.0,0.0,0.0,0.0,0.0,0.0,0.0,0.0,0.0,0.0,0.0,0.0,0.0,0.0,0.0,0.0,0.0,0.51,0.0,0.0,0.0,0.0,0.0,0.0,0.0,0.0,0.0,0.0,0.0,0.0,0.0,0.0,0.0,0.0,0.0,0.0,0.0,0.0,0.0,0.0,0.0,0.0,0.0,0.0,0.0,0.0,0.0,0.0,0.0,0.0,0.0,0.0,0.0,0.0,0.0,0.0,0.0,0.0,0.0,0.0,0.0,0.0,0.0,0.0,Eukaryota,Metazoa,Chordata,Mammalia,Cingulata,Dasypodidae,Dasypus,Dasypus novemcinctus
0.0,0.0,0.0,0.0,0.0,1.36,0.0,0.0,0.0,0.0,1.63,0.0,0.0,0.0,0.0,0.0,0.0,0.0,0.0,1.09,0.0,0.0,0.0,0.0,0.0,0.0,0.0,0.0,0.0,0.0,0.0,0.0,0.0,0.0,0.0,0.0,0.0,0.0,0.0,0.0,0.0,0.0,0.0,0.0,0.0,0.35,0.0,0.0,0.0,0.0,0.0,0.35,0.0,0.0,0.0,0.0,0.0,1.9,0.0,0.0,1.63,1.09,0.0,0.0,0.0,0.0,0.0,0.0,0.0,0.0,0.0,0.0,0.0,0.0,0.0,0.0,0.0,0.0,0.0,0.0,0.0,0.0,0.0,0.0,0.0,0.0,0.35,0.0,0.0,0.0,0.0,1.35,0.0,0.0,0.0,0.0,0.0,0.0,0.0,0.0,Eukaryota,Metazoa,Chordata,Mammalia,Cingulata,Dasypodidae,,
0.0,0.0,0.0,0.0,0.0,0.0,0.0,0.0,1.36,0.0,0.0,0.0,0.0,0.0,0.0,0.0,0.0,1.36,0.0,0.0,0.0,1.64,0.0,0.0,0.0,0.0,0.0,0.0,0.0,0.0,0.0,1.36,0.0,0.0,0.0,0.82,0.0,1.36,0.0,0.0,1.36,1.36,0.0,0.0,0.0,1.36,0.0,0.0,0.0,0.0,0.0,0.0,0.0,0.0,0.0,0.0,0.0,0.0,0.0,1.9,0.0,0.0,0.0,0.0,0.0,0.0,0.0,0.0,0.0,0.0,0.0,0.0,0.0,0.0,0.0,0.0,0.0,0.0,0.0,0.0,0.0,0.0,0.0,0.0,1.63,0.0,0.0,0.0,0.0,0.0,0.0,0.0,0.0,0.0,0.0,0.0,0.0,0.0,0.0,1.36,Eukaryota,Metazoa,Chordata,Mammalia,Cingulata,,,
0.0,0.0,0.0,0.0,0.0,0.0,0.0,0.0,0.0,0.0,1.61,0.0,0.0,0.0,0.0,0.0,0.0,0.0,0.0,0.0,0.0,0.0,0.0,0.0,1.35,0.0,0.0,0.0,0.0,0.0,0.0,0.0,0.0,0.0,0.0,0.0,0.0,0.0,0.0,0.0,0.0,0.0,0.0,0.0,0.0,0.0,0.0,0.0,0.0,0.0,0.0,0.0,0.0,0.0,0.0,0.0,0.0,0.0,0.0,0.0,0.0,1.08,0.0,0.0,0.0,0.0,0.0,0.0,0.0,0.0,0.0,0.0,0.0,0.0,0.0,0.0,0.0,0.0,0.0,0.0,0.0,0.0,0.0,0.0,0.0,0.0,0.0,0.0,0.0,0.0,0.0,0.0,0.0,0.0,0.0,0.0,0.0,0.0,0.0,0.0,Eukaryota,Metazoa,Chordata,Mammalia,Dasyuromorphia,Dasyuridae,,
0.0,0.0,0.0,0.0,0.0,0.0,0.0,0.0,1.1,0.27,0.27,0.27,0.0,0.0,0.0,2.49,0.0,0.0,0.0,0.0,0.0,0.0,1.62,0.0,0.0,0.27,0.0,0.0,0.27,0.27,0.0,0.0,0.0,0.0,0.0,0.0,4.48,0.0,0.0,0.0,0.27,0.27,5.35,0.0,0.0,0.27,0.82,0.27,0.0,0.82,0.55,0.0,0.0,0.27,0.0,0.0,0.0,0.0,0.0,0.0,0.0,2.47,0.0,0.0,0.0,0.0,0.82,0.0,0.0,0.0,0.0,0.0,0.0,0.0,0.0,0.0,0.27,0.0,0.0,0.0,0.0,0.27,0.0,0.0,0.0,0.0,0.0,0.0,0.0,0.0,0.27,0.0,0.0,0.0,0.0,0.0,0.55,0.0,0.0,1.07,Eukaryota,Metazoa,Chordata,Mammalia,Dermoptera,Cynocephalidae,,
2.64,0.0,2.44,0.0,2.85,0.2,2.85,0.0,1.16,0.0,0.0,4.06,3.87,2.24,0.0,2.25,1.83,0.0,1.42,2.85,0.0,4.25,0.0,0.0,0.0,3.46,0.0,4.87,6.1,5.17,0.0,0.0,5.08,0.0,0.0,2.64,0.0,0.0,3.05,3.87,0.0,0.0,0.0,0.0,0.0,3.46,3.46,0.2,3.05,3.87,0.0,0.0,0.0,3.25,0.0,0.0,0.0,4.88,3.46,1.63,2.85,4.46,0.2,0.0,0.0,0.0,0.0,2.03,0.0,0.0,0.0,0.0,0.0,0.0,2.64,0.0,0.0,2.65,0.0,2.85,0.0,3.66,0.2,0.0,2.64,5.7,3.66,2.84,1.83,1.02,4.67,0.0,0.0,0.0,0.0,0.0,0.0,3.05,0.0,0.23,Eukaryota,Metazoa,Chordata,Mammalia,Dermoptera,,,
0.0,0.36,0.0,0.0,0.0,0.0,0.0,0.0,0.0,0.0,0.0,0.0,0.0,0.0,0.0,0.0,0.0,0.0,0.0,0.0,0.0,0.0,0.0,0.0,0.0,0.0,0.0,0.0,0.0,0.0,0.0,0.0,0.0,0.0,0.0,0.0,0.0,0.0,0.0,0.0,0.0,0.0,0.0,0.0,0.0,0.0,0.0,0.0,0.0,0.0,0.0,0.0,0.0,0.0,0.0,0.0,0.0,0.0,0.0,0.0,0.0,0.0,0.0,0.0,0.0,0.0,0.0,0.0,0.0,0.0,0.0,0.0,0.0,0.0,0.0,0.0,0.0,0.0,0.0,0.0,0.0,0.0,0.0,0.0,0.0,0.0,0.0,0.0,0.0,0.0,0.0,0.0,0.0,0.0,0.0,0.0,0.0,0.0,0.0,0.0,Eukaryota,Metazoa,Chordata,Mammalia,Didelphimorphia,Didelphidae,,
0.8,0.0,0.0,21.63,0.0,0.0,1.06,0.0,0.0,1.11,0.0,0.0,0.0,0.0,0.0,0.0,0.0,0.0,0.0,0.0,1.16,6.66,1.16,5.18,0.0,0.0,6.67,0.0,2.18,0.0,0.0,1.83,1.16,0.0,0.0,0.0,0.0,0.0,0.0,0.0,1.09,7.66,0.0,0.0,0.0,0.0,0.0,0.0,0.0,0.0,2.22,0.0,0.0,0.0,2.08,0.0,0.0,0.0,0.73,1.09,0.0,0.0,1.09,0.0,0.0,0.0,0.0,0.0,0.0,1.46,0.0,0.0,0.0,0.0,0.0,0.0,0.73,0.0,1.75,0.0,0.0,1.15,0.73,0.0,0.0,0.0,0.0,0.0,0.0,0.0,1.46,0.0,0.0,1.16,0.0,0.0,0.0,0.0,0.0,1.46,Eukaryota,Metazoa,Chordata,Mammalia,Eulipotyphla,,,
0.0,0.0,0.0,0.0,0.0,0.0,0.0,0.0,0.0,0.0,0.0,0.0,0.0,0.0,0.0,0.0,0.0,0.0,0.0,0.0,0.0,0.0,0.0,0.0,0.0,0.0,0.0,0.0,0.0,0.0,0.0,0.0,0.0,0.0,0.0,0.0,0.0,0.0,0.0,0.0,0.0,0.0,0.0,0.0,0.0,0.0,0.0,0.0,0.0,0.0,0.58,0.0,0.0,0.0,0.0,0.0,0.0,0.0,0.0,0.0,0.0,0.0,0.0,0.0,0.0,0.0,0.0,0.0,0.0,0.0,0.0,0.0,0.0,0.0,0.0,0.0,0.0,0.0,0.0,0.0,0.0,0.0,0.0,0.0,0.0,0.0,0.0,0.0,0.0,0.0,0.0,0.0,0.0,0.0,0.0,0.0,0.0,0.0,0.0,0.0,Eukaryota,Metazoa,Chordata,Mammalia,Eulipotyphla,Soricidae,Crocidura,Crocidura orientalis
3.18,0.0,1.33,1.99,0.0,0.0,0.0,0.0,4.35,6.32,0.0,0.0,0.0,0.0,0.0,3.51,1.58,3.11,0.0,0.0,4.04,4.35,5.0,3.79,0.0,0.0,2.78,4.41,0.0,5.07,3.11,2.78,0.0,0.0,0.0,3.42,5.53,5.19,3.95,0.0,4.61,4.04,0.0,0.0,1.58,0.0,4.67,0.0,3.11,7.74,2.78,1.84,5.12,5.52,3.59,0.0,2.08,0.0,3.78,0.0,3.2,2.94,0.0,4.87,0.0,0.0,5.31,0.0,1.04,0.0,0.0,2.89,0.0,0.0,2.02,3.38,4.1,2.32,5.25,0.0,1.54,0.0,3.33,0.0,5.44,8.22,5.97,1.56,0.0,1.26,4.04,2.08,3.84,3.84,1.26,1.26,6.66,0.0,0.0,7.32,Eukaryota,Metazoa,Chordata,Mammalia,Eulipotyphla,Soricidae,Crocidura,Crocidura panayensis
3.08,0.0,0.0,0.0,1.52,3.11,5.2,5.89,6.33,0.0,7.07,11.129999999999999,17.57,3.95,3.73,0.0,3.99,0.0,2.37,12.440000000000001,0.0,0.0,2.91,0.0,8.05,7.07,0.0,10.98,4.03,7.43,0.0,0.0,0.0,0.0,0.0,0.0,4.7,0.0,5.18,5.53,2.91,0.0,3.28,0.0,0.0,3.47,0.0,5.11,0.0,0.0,0.0,5.98,0.0,0.0,0.0,0.51,0.0,5.0,0.0,4.68,0.0,0.0,4.61,0.0,1.04,5.78,0.0,5.49,0.0,6.15,3.28,0.0,1.1,4.04,0.0,0.0,2.56,0.0,0.0,1.84,0.0,11.030000000000001,0.0,7.27,4.52,0.0,0.0,0.0,1.01,0.0,0.0,0.0,0.0,0.0,0.0,0.0,0.0,5.75,7.39,0.0,Eukaryota,Metazoa,Chordata,Mammalia,Eulipotyphla,Soricidae,Crocidura,
11.110000000000001,20.65,33.73,2.42,20.83,14.0,10.4,16.14,11.39,19.85,24.5,14.790000000000001,9.14,9.52,13.88,14.870000000000001,6.81,12.46,10.94,6.38,13.49,5.119999999999999,15.68,2.67,19.42,13.94,6.66,9.3,12.74,9.24,15.989999999999998,10.23,3.43,0.0,17.04,10.860000000000001,12.330000000000002,17.07,11.84,12.12,19.080000000000002,19.72,19.1,0.0,14.01,18.58,10.48,17.09,12.58,17.54,10.34,11.3,16.58,16.9,16.21,8.36,13.840000000000002,20.33,21.35,24.09,18.41,19.08,14.229999999999999,17.619999999999997,11.84,6.640000000000001,20.68,6.82,8.77,16.63,19.51,10.36,14.89,21.330000000000002,22.16,10.5,7.32,14.67,8.82,22.43,4.5,7.210000000000001,13.63,12.25,18.5,21.27,20.310000000000002,24.42,9.19,15.52,16.16,13.56,18.75,8.61,12.57,14.11,21.369999999999997,10.100000000000001,11.5,23.87,Eukaryota,Metazoa,Chordata,Mammalia,Eulipotyphla,Soricidae,,
24.4,0.0,3.1,14.23,10.33,16.8,6.4,23.77,22.37,24.4,33.07,37.33,11.37,28.93,13.87,13.65,8.13,17.28,17.57,24.8,18.3,27.3,19.63,19.32,25.83,12.4,27.45,39.65,22.73,20.67,23.1,32.53,0.0,0.0,0.0,6.1,28.93,38.23,27.9,23.77,21.35,57.87,36.17,0.0,13.22,34.1,15.25,19.63,26.43,27.3,19.32,22.05,25.42,38.63,31.0,7.23,10.17,17.57,7.23,10.67,20.67,28.93,34.1,25.83,7.58,14.47,51.85,36.17,10.33,16.53,11.37,5.17,2.13,31.0,8.27,11.55,16.53,11.18,32.03,2.07,5.17,30.93,33.07,28.93,15.25,39.65,25.42,12.15,4.13,11.37,37.2,12.4,29.97,25.83,13.22,5.08,28.47,23.77,19.63,28.93,Eukaryota,Metazoa,Chordata,Mammalia,Lagomorpha,Leporidae,,
0.0,0.0,0.0,0.0,0.0,0.0,0.0,0.0,0.0,0.41,0.0,0.0,0.0,0.0,0.0,0.0,0.0,0.0,0.0,0.0,0.0,0.0,0.0,0.0,0.0,0.0,0.0,0.0,0.0,0.0,0.0,0.0,0.0,0.0,0.0,0.0,0.0,0.42,0.0,0.0,0.0,0.0,0.0,0.0,0.0,0.0,0.0,0.0,0.0,0.0,0.0,0.0,0.0,0.0,0.0,0.0,0.0,0.0,0.4,0.0,0.0,0.0,0.0,0.0,0.0,0.0,0.0,0.0,0.0,0.0,0.0,0.0,0.0,0.0,0.0,0.0,0.0,0.0,0.0,0.0,0.0,0.0,0.0,0.0,0.0,0.0,0.0,0.0,0.0,0.0,0.0,0.0,0.0,0.0,0.0,0.0,0.0,0.0,0.0,0.0,Eukaryota,Metazoa,Chordata,Mammalia,Macroscelidea,Macroscelididae,Elephantulus,Elephantulus edwardii
0.0,0.0,0.0,0.0,0.0,0.0,0.0,0.0,0.0,0.0,0.0,0.44,0.0,0.0,0.0,0.0,0.0,0.0,0.0,0.0,0.0,0.0,0.0,0.0,0.0,0.0,0.0,0.0,0.0,0.0,0.0,0.0,0.0,0.0,0.0,0.0,0.0,0.0,0.0,0.0,0.0,0.0,0.0,0.0,0.0,0.0,0.0,0.0,0.0,0.0,0.0,0.0,0.0,0.0,0.0,0.0,0.0,0.0,0.0,0.0,0.0,0.0,0.0,0.0,0.0,0.0,0.43,0.0,0.0,0.0,0.0,0.0,0.0,0.0,0.0,0.0,0.0,0.0,0.0,0.0,0.0,0.0,0.0,0.0,0.0,0.0,0.0,0.0,0.0,0.0,0.0,0.0,0.0,0.0,0.0,0.0,0.0,0.0,0.0,0.0,Eukaryota,Metazoa,Chordata,Mammalia,Macroscelidea,Macroscelididae,Elephantulus,
0.0,0.0,0.0,0.0,0.0,0.0,0.0,0.0,0.0,0.0,0.0,0.0,0.0,0.0,1.06,0.0,0.0,0.0,0.0,0.0,0.0,0.0,0.0,0.0,0.0,0.0,0.0,0.0,0.0,0.0,0.0,0.0,0.0,0.0,0.0,0.0,0.0,0.0,0.0,0.0,0.0,0.0,0.0,0.0,0.0,0.0,0.0,0.0,0.0,0.0,0.0,0.0,7.08,0.0,7.62,0.0,4.24,0.0,0.0,7.25,0.0,0.0,0.0,0.0,0.0,0.0,0.0,0.0,0.0,0.0,0.0,0.0,1.51,0.0,0.0,0.0,0.0,0.0,0.0,0.0,0.0,0.0,0.0,0.0,0.0,0.0,0.0,1.42,0.0,0.0,0.0,0.0,0.0,0.0,0.0,1.25,0.0,0.0,0.0,4.14,Eukaryota,Metazoa,Chordata,Mammalia,,,,
0.0,156.34,0.0,0.0,0.0,0.0,0.0,0.0,0.0,0.0,0.0,0.0,0.0,0.0,0.0,0.0,0.0,0.0,0.0,0.0,0.0,0.0,0.0,0.0,0.0,0.0,0.0,0.0,0.0,0.0,0.0,0.0,0.0,0.0,0.0,0.0,0.0,0.0,0.0,0.0,0.0,0.0,0.0,0.0,0.0,0.0,0.0,0.0,0.0,0.0,0.0,0.0,0.0,0.0,0.0,0.0,0.0,0.0,1.06,0.0,0.0,0.0,0.0,0.0,0.0,0.0,0.0,0.0,0.0,0.0,0.0,0.0,0.0,0.0,7.55,0.0,0.0,0.0,0.0,0.0,0.0,0.0,0.0,0.0,0.0,0.53,0.0,0.0,0.0,0.0,0.0,0.0,0.0,0.0,0.0,0.0,0.0,0.0,0.0,0.0,Eukaryota,Metazoa,Chordata,Mammalia,Perissodactyla,Equidae,Equus,Equus przewalskii
0.0,0.0,0.0,0.0,0.0,0.0,0.0,0.0,0.0,0.0,0.0,0.0,0.0,0.0,0.0,0.0,0.0,0.0,0.0,0.0,0.0,0.0,0.0,0.0,0.0,0.0,0.0,0.0,0.0,0.0,0.0,0.0,0.0,0.0,0.0,0.0,0.0,0.0,0.0,0.0,0.0,0.0,0.0,0.0,0.0,0.0,0.0,0.0,0.0,0.0,0.0,1.33,0.0,0.0,0.0,0.0,0.0,0.0,0.0,0.0,0.58,0.0,0.0,0.0,0.0,0.0,0.0,0.0,0.0,0.0,0.0,0.0,0.0,0.0,0.0,0.0,0.0,0.0,0.0,0.0,0.0,1.18,0.0,0.0,0.0,0.0,0.0,0.0,0.0,0.0,0.0,0.0,0.0,0.0,0.0,0.0,0.0,0.0,0.0,0.0,Eukaryota,Metazoa,Chordata,Mammalia,Perissodactyla,Equidae,Equus,
1.66,0.0,0.0,0.8,0.0,0.0,0.0,0.0,0.0,0.63,0.0,1.27,0.0,0.0,0.0,1.93,0.0,2.9299999999999997,0.0,0.0,8.09,1.96,0.0,0.0,0.0,0.0,3.44,0.0,0.0,0.63,0.0,0.0,37.07,48.74,19.43,0.0,1.66,0.0,0.0,0.0,0.0,0.0,0.0,0.0,0.0,0.0,0.0,0.0,0.0,0.0,0.0,0.0,1.45,0.59,0.0,0.0,0.63,0.0,0.0,0.0,0.63,0.0,0.0,0.0,0.0,0.56,0.0,0.0,0.59,0.0,0.0,2.21,1.43,0.0,0.0,0.0,1.43,0.0,0.0,0.0,0.0,0.0,0.0,0.0,0.0,0.0,0.0,0.0,0.0,0.27,0.0,0.0,0.0,0.0,0.0,0.0,0.0,0.0,0.63,0.0,Eukaryota,Metazoa,Chordata,Mammalia,Perissodactyla,Equidae,,
0.0,0.0,0.0,0.0,0.39,1.38,0.0,1.66,0.0,1.05,0.0,2.01,0.63,0.0,2.01,0.0,0.0,0.0,0.0,0.0,2.73,1.49,0.0,0.63,1.04,0.0,1.04,0.81,0.0,0.26,2.3699999999999997,0.0,0.0,0.0,0.0,0.0,3.6399999999999997,0.63,0.78,3.05,1.5,0.0,2.34,0.0,0.0,0.0,0.0,0.0,0.0,1.11,1.31,1.06,1.21,0.52,1.04,0.0,0.0,0.0,0.0,5.24,0.0,0.0,0.0,0.0,0.0,0.0,2.09,0.63,0.0,0.0,0.0,0.0,0.0,0.0,0.0,2.49,0.0,0.0,2.42,0.0,0.0,0.0,1.93,1.04,1.5,0.0,0.4,0.0,0.0,0.8,0.0,0.0,0.0,0.0,0.0,0.0,2.83,1.66,0.4,0.63,Eukaryota,Metazoa,Chordata,Mammalia,Perissodactyla,,,
0.0,0.0,0.0,0.0,0.0,0.0,0.0,0.0,0.0,0.0,0.0,0.0,0.0,0.0,0.0,0.0,0.0,0.0,0.0,0.0,0.0,0.0,0.0,0.0,0.0,0.0,0.0,0.0,0.0,0.0,0.0,0.0,0.0,0.0,0.0,0.0,0.0,0.0,0.0,0.0,0.0,0.0,0.0,0.0,0.0,0.0,0.0,0.0,0.0,0.0,0.0,0.0,0.0,0.0,0.0,0.0,0.0,0.0,0.0,0.0,0.0,0.0,0.0,0.0,0.0,0.0,0.0,0.0,0.0,0.0,0.0,0.0,0.0,0.0,0.0,0.0,0.0,0.0,0.0,0.0,0.0,0.0,0.0,0.0,0.0,0.69,0.0,0.0,0.0,0.0,0.0,0.0,0.0,0.0,0.0,0.0,0.0,0.0,0.0,0.0,Eukaryota,Metazoa,Chordata,Mammalia,Perissodactyla,Rhinocerotidae,Ceratotherium,
0.0,0.0,0.0,0.0,0.0,1.89,0.0,0.0,0.0,0.0,0.0,0.0,0.0,0.0,0.0,0.0,0.0,1.59,0.0,0.0,0.0,0.0,0.0,0.0,0.0,0.0,0.0,0.0,0.0,0.0,0.0,0.0,0.0,0.0,0.0,0.0,0.0,0.0,0.0,0.0,0.0,0.0,0.0,0.0,0.0,0.0,0.0,0.0,0.0,0.0,0.0,0.0,0.0,0.0,0.0,0.0,0.0,5.24,0.0,0.0,0.0,0.0,0.0,0.0,0.0,0.0,0.0,0.0,0.0,0.0,0.0,0.0,0.0,0.0,0.0,0.0,0.0,0.0,0.0,0.0,0.0,0.0,0.0,0.0,0.0,0.0,0.0,0.0,0.0,0.0,0.0,0.0,0.0,0.0,0.0,0.0,0.0,0.0,0.0,0.0,Eukaryota,Metazoa,Chordata,Mammalia,Perissodactyla,Rhinocerotidae,,
0.0,0.0,0.0,0.0,0.0,2.32,0.0,0.0,1.63,0.0,0.0,2.55,0.0,0.0,0.0,1.39,0.0,0.0,0.0,0.0,0.0,0.0,0.0,0.0,0.0,0.0,0.0,0.0,1.63,0.0,0.0,0.0,0.0,0.0,0.0,0.0,0.0,0.0,0.0,0.0,0.0,0.0,0.0,0.0,0.0,0.0,0.0,0.0,0.0,1.16,0.0,0.0,0.0,0.0,1.16,0.0,0.0,0.0,0.0,3.0,0.0,0.0,0.0,0.0,0.0,1.16,1.39,0.0,0.0,0.0,0.0,0.0,0.0,3.02,0.0,0.0,0.0,0.0,1.37,0.0,0.0,0.0,0.0,0.0,2.57,0.0,1.63,0.0,0.0,0.0,0.0,0.0,0.0,0.0,0.0,0.0,0.0,0.0,2.32,0.0,Eukaryota,Metazoa,Chordata,Mammalia,Pholidota,Manidae,,
0.0,0.0,0.0,0.0,0.0,0.0,0.0,0.0,0.0,1.86,1.62,0.0,0.0,0.0,0.0,0.0,0.0,0.0,0.0,0.0,0.0,0.0,0.0,0.0,0.0,1.37,0.0,0.0,0.0,0.0,0.0,0.0,0.0,0.0,0.0,0.0,0.0,0.0,0.0,0.0,0.0,0.0,0.0,0.0,0.0,0.0,0.0,0.0,0.0,0.0,0.0,0.0,1.39,0.0,0.0,0.0,0.0,0.0,0.0,0.0,0.0,0.0,0.0,1.86,0.0,0.0,0.0,1.39,0.0,1.61,0.0,0.0,0.0,0.0,0.0,0.0,0.0,0.0,0.0,0.0,0.0,0.0,1.39,0.0,0.0,0.0,0.0,0.0,0.0,0.0,1.39,0.0,0.0,1.86,0.0,0.0,0.0,0.0,0.0,0.0,Eukaryota,Metazoa,Chordata,Mammalia,Pholidota,,,
1.97,0.0,3.28,0.0,2.84,0.0,0.0,1.27,0.0,1.09,0.0,1.31,0.0,0.0,0.0,1.09,0.0,1.31,0.0,0.0,1.97,1.09,1.75,1.53,0.0,1.09,1.75,1.97,0.0,0.0,0.0,1.53,1.55,0.0,0.0,0.0,0.0,0.0,2.63,0.0,0.0,0.0,0.0,2.63,0.0,1.12,1.09,0.0,0.0,0.88,0.88,0.0,0.87,0.0,0.0,0.0,0.0,1.31,2.19,2.63,2.63,2.82,1.53,0.0,1.75,0.0,1.97,0.0,0.0,1.09,0.0,2.84,3.94,1.75,1.99,0.88,0.0,0.0,1.31,1.75,0.0,0.0,0.0,1.55,3.83,1.31,0.0,0.0,0.0,0.0,0.0,0.88,0.0,0.0,1.75,0.0,1.76,1.77,1.31,0.0,Eukaryota,Metazoa,Chordata,Mammalia,Primates,Aotidae,,
0.0,0.0,0.0,0.0,0.0,0.0,0.0,0.0,0.0,0.78,0.0,0.0,0.0,0.0,0.0,0.0,0.0,0.0,0.0,0.0,0.0,0.0,0.0,0.0,0.0,0.0,0.0,0.0,0.0,0.0,0.0,0.0,0.0,0.0,0.0,0.0,0.0,0.0,0.0,0.0,0.0,0.0,0.0,0.0,0.0,0.0,0.0,0.0,0.0,0.0,0.0,0.0,0.0,0.0,0.0,0.0,0.0,0.0,0.0,0.0,0.81,0.0,0.0,0.0,0.0,0.0,0.0,0.0,0.0,0.0,0.0,0.0,0.0,0.0,0.0,0.0,0.0,0.0,0.0,0.0,0.0,0.0,0.0,0.0,0.0,0.0,0.0,0.0,0.0,0.0,0.0,0.0,0.0,0.78,0.0,0.0,0.0,0.0,0.0,0.0,Eukaryota,Metazoa,Chordata,Mammalia,Primates,Cercopithecidae,Cercocebus,
0.0,0.0,0.0,0.0,0.0,0.0,0.0,0.0,0.0,0.0,0.0,0.0,0.0,0.0,0.0,0.0,0.0,0.0,0.0,0.0,0.0,0.0,0.0,0.0,0.0,0.0,0.0,0.0,0.0,0.0,0.0,0.0,0.0,0.0,0.0,0.0,0.0,0.0,0.0,0.0,0.0,0.0,0.0,0.0,0.0,0.0,0.0,0.0,0.0,0.0,0.0,0.0,0.0,0.0,0.0,0.0,0.0,0.0,0.0,0.0,0.0,0.0,0.0,0.0,0.0,0.0,0.0,0.0,0.0,0.0,0.0,0.0,0.0,0.0,0.0,0.0,0.0,0.0,0.0,0.0,0.0,3.39,0.0,0.0,0.0,0.0,0.0,0.0,0.0,0.0,0.0,0.0,0.0,0.0,0.0,0.0,0.0,0.0,0.0,0.0,Eukaryota,Metazoa,Chordata,Mammalia,Primates,Cercopithecidae,Colobus,Colobus angolensis
0.0,0.0,0.0,0.0,0.0,0.0,0.0,0.0,0.0,0.0,0.0,0.0,0.0,0.0,0.0,0.0,0.0,0.0,0.0,0.0,0.0,0.0,0.0,0.0,0.0,0.0,0.0,0.0,0.0,0.0,0.0,0.85,0.0,0.0,0.0,0.0,0.0,0.0,0.0,0.0,0.0,0.0,0.0,0.0,0.0,0.0,0.0,0.0,0.0,0.0,0.0,0.0,0.0,0.0,0.0,0.0,0.0,0.85,0.0,0.0,0.0,0.0,0.0,0.0,0.0,0.0,0.0,0.0,0.0,0.0,0.0,0.0,0.0,0.0,0.0,0.0,0.0,0.0,0.0,0.0,0.0,0.0,0.0,0.0,0.0,0.0,0.0,0.0,0.0,0.0,0.0,0.0,2.98,0.0,0.0,0.0,0.0,0.0,0.0,0.0,Eukaryota,Metazoa,Chordata,Mammalia,Primates,Cercopithecidae,Colobus,
3.2199999999999998,0.0,0.59,1.9300000000000002,0.43,1.6400000000000001,0.0,0.0,6.470000000000001,2.99,4.47,11.370000000000001,1.03,0.85,0.64,0.64,1.28,1.49,2.37,0.85,0.43,2.36,2.46,2.3,2.34,1.29,1.87,5.16,2.65,6.34,5.640000000000001,0.59,0.0,0.0,0.0,0.0,3.05,10.709999999999999,8.33,1.92,1.6600000000000001,10.24,0.0,0.0,0.0,7.88,7.16,7.42,0.64,2.57,6.859999999999999,6.51,0.0,6.140000000000001,2.08,0.43,0.43,1.17,1.17,0.43,2.96,2.57,1.28,1.28,0.43,1.23,3.83,0.43,2.08,5.03,0.0,0.0,0.0,0.0,1.06,1.31,2.61,0.0,3.15,0.59,3.12,0.88,4.12,2.7199999999999998,0.0,4.85,2.29,1.52,0.0,0.88,8.19,2.35,3.84,4.4,2.7,1.31,6.82,2.62,5.27,8.940000000000001,Eukaryota,Metazoa,Chordata,Mammalia,Primates,Cercopithecidae,,
0.0,0.0,0.0,0.0,0.0,0.0,0.0,0.0,0.0,0.0,0.0,0.0,0.0,0.0,0.0,0.0,0.0,0.0,0.0,0.0,0.0,0.0,0.0,0.0,0.0,0.0,0.0,0.0,0.0,0.0,0.0,0.0,0.0,0.0,0.0,0.0,0.0,0.0,0.0,0.0,0.0,0.0,0.0,0.0,0.0,0.0,0.0,0.0,0.0,0.0,0.0,0.0,0.0,0.0,0.0,0.0,0.0,0.0,0.0,0.0,0.0,0.0,0.0,0.0,0.0,0.0,0.0,0.0,0.0,0.0,0.0,0.0,0.0,0.0,0.39,0.0,0.0,0.0,0.0,0.0,0.0,0.0,0.0,0.0,0.0,0.0,0.0,0.0,0.0,0.0,0.0,0.0,0.0,0.0,0.0,0.0,0.0,0.0,0.0,0.0,Eukaryota,Metazoa,Chordata,Mammalia,Primates,Cheirogaleidae,,
0.0,0.0,0.0,1.01,0.0,0.0,0.0,0.0,0.0,0.0,0.0,0.0,0.0,0.0,0.0,0.0,0.0,0.0,0.0,0.0,0.0,0.0,0.0,0.0,0.0,0.0,0.0,0.0,0.0,0.0,0.0,0.0,0.51,0.0,0.0,0.0,0.0,0.0,0.0,0.0,0.0,0.0,0.0,0.0,0.0,0.0,0.0,0.0,0.0,0.0,0.0,0.0,0.0,5.47,0.0,0.0,0.0,0.0,0.0,0.0,0.0,0.0,0.0,0.0,0.0,0.0,0.0,0.0,0.0,0.0,0.0,0.0,0.0,0.0,0.0,0.0,0.0,0.0,10.35,0.0,0.0,0.0,0.0,0.0,0.0,0.0,0.0,0.0,0.0,0.0,0.0,0.0,0.0,0.0,0.0,0.0,0.0,0.0,0.0,0.0,Eukaryota,Metazoa,Chordata,Mammalia,Primates,Galagidae,,
0.0,0.0,0.0,0.0,0.0,0.0,0.0,0.0,0.0,0.0,0.0,0.0,0.0,0.0,0.0,0.0,0.0,0.85,0.0,0.0,0.0,0.0,0.0,0.0,0.0,0.81,0.0,6.6,0.0,0.0,0.0,0.0,0.0,0.0,0.0,0.0,0.0,0.0,0.0,0.0,0.0,0.0,0.0,0.0,0.0,0.0,0.0,0.0,0.0,0.0,0.34,0.0,0.0,0.0,0.0,0.0,0.0,0.0,0.0,0.0,0.0,0.0,0.0,0.0,0.0,0.0,0.0,0.0,0.0,0.0,0.0,0.0,0.0,0.0,0.0,0.0,0.0,0.0,0.85,0.0,0.0,0.0,0.0,0.0,0.0,0.0,0.0,0.0,0.0,0.0,0.0,0.0,0.0,0.0,0.0,0.0,0.0,0.0,0.0,0.0,Eukaryota,Metazoa,Chordata,Mammalia,Primates,Hominidae,Homo,Homo sapiens
0.0,0.0,2.69,0.0,0.0,0.0,0.0,0.59,0.0,0.6,0.0,0.78,1.77,0.0,0.0,0.65,1.63,0.0,0.63,0.0,0.59,0.0,0.0,0.0,0.0,0.59,0.6,1.56,0.0,0.0,0.85,0.0,0.0,0.0,0.0,0.8,0.0,0.0,0.0,1.56,0.0,0.0,0.61,0.0,0.0,0.0,0.0,0.0,1.27,0.0,0.6,1.3599999999999999,0.0,0.8,0.0,0.0,0.42,0.63,0.0,0.0,0.0,0.0,0.0,0.0,0.0,0.0,0.6,0.0,0.0,0.0,0.0,0.0,0.0,0.0,0.0,0.0,0.0,0.0,0.78,0.0,0.0,0.0,0.0,0.76,0.0,0.0,0.83,0.0,0.0,0.0,0.0,0.0,0.0,0.0,0.0,0.0,0.0,0.0,0.0,0.0,Eukaryota,Metazoa,Chordata,Mammalia,Primates,Hominidae,Homo,
4.6899999999999995,13.36,1.09,0.73,0.0,14.17,4.73,8.31,11.549999999999999,14.58,24.1,32.93,12.120000000000001,10.75,2.98,3.37,2.12,5.51,7.359999999999999,0.75,13.26,0.0,2.61,10.01,12.17,7.58,4.859999999999999,18.709999999999997,2.9699999999999998,11.82,7.41,4.94,0.0,0.0,2.21,0.41,11.69,10.75,5.24,6.699999999999999,5.4,50.22,29.29,20.16,6.26,21.62,15.370000000000001,21.9,2.15,7.390000000000001,33.2,15.14,27.150000000000002,15.719999999999999,2.41,0.74,0.39,4.49,3.45,3.98,5.68,10.73,12.23,6.970000000000001,4.05,6.77,32.55,14.15,11.47,10.25,3.41,3.11,3.83,4.78,4.49,7.26,2.37,0.0,6.77,4.34,9.09,10.58,25.9,8.7,9.530000000000001,8.969999999999999,15.54,3.28,1.83,2.29,5.47,8.620000000000001,8.85,11.72,2.41,4.96,18.560000000000002,9.04,20.8,10.46,Eukaryota,Metazoa,Chordata,Mammalia,Primates,Hominidae,,
0.0,0.0,0.0,0.0,0.0,0.0,0.0,0.0,0.0,0.0,0.0,0.0,0.0,0.0,0.0,0.0,0.0,0.0,0.0,0.0,0.0,0.0,0.0,0.0,0.0,0.0,0.0,0.0,0.0,0.0,0.78,0.0,0.0,0.0,0.0,0.0,0.0,0.0,0.0,0.0,0.0,0.0,0.0,0.0,0.0,0.0,0.0,0.0,0.0,0.0,0.0,0.0,0.0,0.0,0.0,0.0,0.0,0.0,0.0,0.0,0.0,0.0,0.0,0.0,0.0,0.0,0.0,0.0,0.0,0.0,0.0,0.0,0.0,0.0,0.0,0.0,0.0,0.0,0.0,0.0,0.0,0.0,0.0,0.0,0.0,0.0,0.0,0.0,0.0,0.0,0.0,0.0,0.0,0.0,0.0,0.0,0.0,0.0,0.0,0.0,Eukaryota,Metazoa,Chordata,Mammalia,Primates,Hominidae,Pan,Pan paniscus
0.0,0.0,0.0,0.0,0.0,0.0,0.0,0.0,0.0,0.0,0.0,0.0,0.0,0.0,0.0,0.0,0.0,0.0,0.0,0.0,0.0,0.0,0.0,0.0,0.0,0.0,0.0,0.0,0.0,0.0,0.0,0.0,0.0,0.0,0.0,0.0,0.0,0.0,0.0,4.03,0.0,0.0,0.0,0.0,0.0,1.88,0.0,0.0,0.0,0.0,0.0,0.0,0.0,0.0,0.0,0.0,0.0,0.0,0.0,0.0,0.0,0.0,0.0,0.0,0.0,0.0,0.0,0.0,0.0,0.0,0.0,0.0,0.0,0.0,0.0,0.0,0.0,0.0,0.0,0.0,0.0,0.0,0.0,0.0,0.0,0.0,0.0,0.0,0.0,0.0,0.0,0.0,0.0,0.0,0.0,0.0,0.0,0.0,0.0,0.0,Eukaryota,Metazoa,Chordata,Mammalia,Primates,Hylobatidae,,
0.0,0.0,0.0,0.0,0.0,0.0,0.0,0.0,0.0,0.0,0.0,0.0,0.0,0.0,0.0,0.0,0.0,0.0,0.0,0.0,0.0,0.0,0.0,0.0,0.0,0.0,0.0,0.0,0.0,0.0,0.0,0.0,0.0,0.0,0.0,0.0,0.0,0.33,0.0,0.0,0.0,0.0,0.0,0.0,0.0,0.0,0.0,0.0,0.0,0.0,0.0,0.0,0.0,0.0,0.0,0.0,0.0,0.0,0.0,0.0,0.0,0.0,0.0,0.0,0.0,0.0,0.0,0.31,0.0,0.0,0.0,0.0,0.0,0.0,0.0,0.0,0.0,0.0,0.0,0.0,0.0,0.0,0.0,0.0,0.0,0.0,0.0,0.0,0.0,0.0,0.0,0.0,0.0,0.0,0.0,0.0,0.0,0.0,0.0,0.0,Eukaryota,Metazoa,Chordata,Mammalia,Primates,Indriidae,,
2.34,0.0,10.75,11.96,5.31,8.120000000000001,4.7,19.34,4.2,15.93,29.26,4.51,8.67,0.0,6.4399999999999995,7.24,4.26,15.79,5.789999999999999,2.84,3.26,5.75,2.01,8.27,3.33,36.63,0.73,4.2,26.630000000000003,26.58,15.41,1.52,12.42,0.0,0.0,6.25,7.82,32.11,17.67,5.359999999999999,12.600000000000001,18.68,11.43,7.24,8.81,5.04,7.28,10.58,4.140000000000001,26.91,0.36,9.05,11.0,6.84,8.2,4.75,2.27,13.49,5.47,12.25,10.48,12.51,12.33,7.58,8.47,0.0,32.77,19.240000000000002,2.2399999999999998,5.03,7.01,0.4,13.82,9.57,5.57,16.11,4.359999999999999,4.8100000000000005,12.66,11.72,5.09,4.89,7.58,1.78,3.76,28.490000000000002,7.98,8.2,0.69,4.52,29.02,1.8199999999999998,11.71,5.07,9.75,3.0300000000000002,8.38,10.43,9.78,21.39,Eukaryota,Metazoa,Chordata,Mammalia,Primates,,,
0.0,0.0,0.0,0.0,0.0,0.0,0.0,0.0,0.0,0.0,0.0,0.0,0.0,0.0,0.0,0.0,0.0,0.0,0.0,0.0,0.0,0.0,0.0,0.0,0.0,0.0,0.0,0.0,0.0,0.0,0.0,0.0,0.0,0.0,0.0,0.0,0.0,0.0,0.0,0.0,0.0,0.63,0.0,0.0,0.0,0.28,0.0,0.0,0.0,0.0,0.0,0.0,0.0,0.0,0.0,0.0,0.0,0.0,0.0,0.0,0.0,0.0,0.0,0.0,0.0,0.0,0.0,0.0,0.0,0.0,0.0,0.0,0.0,0.0,0.0,0.0,0.0,0.0,0.0,0.0,0.0,0.0,0.0,0.0,0.0,0.0,0.0,0.0,0.0,0.0,0.0,0.0,0.0,0.0,0.0,0.0,0.0,0.0,0.0,0.0,Eukaryota,Metazoa,Chordata,Mammalia,Proboscidea,Elephantidae,,
0.0,0.0,0.0,0.0,0.0,0.0,0.0,0.0,0.0,0.0,0.0,0.0,0.0,0.0,0.0,0.0,0.0,0.0,0.0,0.0,0.0,0.0,0.0,0.0,0.0,0.0,0.0,0.0,0.0,0.0,0.0,0.0,0.0,0.0,0.0,1.59,0.0,0.0,0.0,0.0,0.0,0.0,0.0,0.0,0.0,0.0,0.0,0.0,0.0,0.0,0.0,0.0,0.0,0.0,0.0,0.0,0.0,0.0,0.0,0.0,0.0,0.0,0.0,0.0,0.0,0.0,0.0,0.0,0.0,0.0,0.0,0.0,0.0,0.0,0.0,0.0,0.0,0.0,0.0,0.0,0.0,0.0,0.0,0.0,0.0,0.0,0.0,0.0,0.0,0.0,0.0,0.0,0.0,0.0,0.0,0.0,0.0,0.0,0.0,0.0,Eukaryota,Metazoa,Chordata,Mammalia,Rodentia,Castoridae,Castor,
1.36,0.0,0.0,0.0,0.0,0.0,2.04,3.35,0.0,2.73,0.0,2.05,2.95,0.91,2.73,1.36,2.04,2.95,2.95,2.95,2.5,0.0,3.41,0.0,1.82,0.0,4.55,5.45,5.0,4.72,6.13,3.19,10.78,0.0,0.0,0.0,3.41,6.36,0.0,3.18,1.36,0.0,3.18,0.0,0.0,3.4,3.64,0.91,2.73,4.54,4.77,4.08,4.78,4.32,4.32,1.59,0.45,0.91,1.82,2.5,1.14,3.63,5.68,2.73,0.0,1.36,5.68,3.41,2.73,0.0,1.36,0.0,0.91,15.58,0.0,1.36,2.05,0.47,2.27,1.14,0.0,4.55,2.96,5.9,1.36,4.09,4.55,0.45,0.0,0.68,0.0,1.14,4.08,5.0,1.59,0.68,4.869999999999999,1.59,3.63,4.32,Eukaryota,Metazoa,Chordata,Mammalia,Rodentia,Castoridae,,
0.0,0.0,0.0,0.0,0.0,3.0,0.0,1.0,0.0,0.0,0.0,0.0,0.0,0.0,0.0,0.0,0.0,0.0,0.0,0.0,0.0,2.69,0.0,0.0,0.0,0.0,0.0,0.0,0.0,0.0,0.0,1.0,0.0,0.0,0.0,0.0,0.0,0.0,0.0,0.0,0.0,0.0,0.0,0.0,0.0,0.0,0.0,0.0,0.0,0.0,1.0,0.0,0.0,0.0,0.0,1.0,0.0,0.0,0.0,0.0,0.0,0.0,0.0,1.0,0.0,0.0,0.0,0.0,0.0,0.0,0.0,0.0,0.0,0.0,0.0,0.0,0.0,0.0,0.0,0.0,0.0,0.0,0.0,1.0,0.0,0.0,0.0,0.0,0.0,0.0,0.0,0.0,0.0,2.0,1.0,1.0,0.0,0.0,0.0,0.0,Eukaryota,Metazoa,Chordata,Mammalia,Rodentia,Cricetidae,Cricetulus,Cricetulus griseus
0.0,0.0,0.0,0.0,0.0,0.0,0.0,0.0,0.0,0.0,0.24,0.0,0.48,0.0,0.0,0.0,0.0,0.0,0.0,0.0,0.0,0.0,0.0,0.0,0.0,0.0,0.0,0.0,0.0,0.0,0.0,0.0,0.0,0.0,0.0,0.0,0.0,0.0,0.0,0.0,0.0,0.0,0.0,0.0,0.0,0.0,0.0,0.0,0.0,0.0,0.0,0.0,0.0,0.0,0.0,0.0,0.0,0.0,0.0,0.0,0.0,0.0,0.0,0.0,0.0,0.0,0.0,0.0,0.0,0.0,0.0,0.0,0.0,0.0,0.0,0.0,0.0,0.0,0.0,0.0,0.0,0.0,0.0,0.0,0.0,0.0,0.0,0.0,0.0,0.0,0.0,0.0,0.0,0.0,0.0,0.0,0.0,0.0,0.0,0.0,Eukaryota,Metazoa,Chordata,Mammalia,Rodentia,Cricetidae,,
0.0,3.94,0.0,0.49,0.49,0.0,0.49,0.0,0.0,0.0,0.0,0.0,0.0,0.0,0.0,0.0,0.0,0.0,0.0,0.0,0.51,0.99,0.0,1.01,0.0,0.0,0.0,0.0,0.0,0.0,0.51,0.0,0.0,0.0,0.0,0.0,0.0,0.0,0.0,0.0,0.51,0.49,0.0,0.0,3.0,0.0,0.0,0.0,0.0,0.0,0.0,0.0,0.0,0.0,1.52,0.0,0.0,0.0,0.49,0.0,0.0,0.0,1.01,0.0,0.0,1.0,0.0,0.99,0.0,0.0,0.0,0.0,0.49,0.0,0.49,0.0,1.52,0.0,0.0,0.0,0.0,0.0,0.0,0.0,0.0,0.0,0.0,0.0,0.0,0.0,0.0,0.0,0.51,0.51,0.0,1.01,0.0,0.0,0.0,0.0,Eukaryota,Metazoa,Chordata,Mammalia,Rodentia,Muridae,Mus,Mus musculus
0.49,0.0,0.0,0.0,0.0,0.0,0.0,0.0,0.0,0.49,0.0,0.0,1.09,0.0,0.0,0.0,0.0,0.53,0.53,0.0,0.0,0.0,0.53,0.0,0.0,0.0,0.0,0.0,0.0,0.54,0.0,0.0,0.0,0.0,0.0,0.0,0.0,0.0,0.0,0.0,0.0,0.0,0.0,0.0,0.0,0.0,0.0,0.0,0.0,0.53,0.0,0.0,0.0,0.0,0.0,0.0,0.0,0.0,0.0,0.0,0.0,0.0,0.0,0.0,0.0,0.0,0.0,0.0,1.01,0.0,0.0,0.0,0.0,0.0,0.0,0.0,0.0,0.0,0.0,0.0,0.0,0.53,0.0,0.0,0.0,0.0,0.53,0.0,0.0,0.0,0.0,0.52,0.0,0.0,0.0,0.0,0.0,0.53,0.0,0.0,Eukaryota,Metazoa,Chordata,Mammalia,Rodentia,Muridae,Mus,
12.58,16.15,17.46,1.0,7.47,6.97,0.0,2.81,13.32,0.0,3.7600000000000002,9.649999999999999,7.659999999999999,4.02,6.619999999999999,6.02,0.0,5.62,9.17,7.21,10.5,10.26,0.0,0.0,1.98,1.49,0.0,5.71,10.3,6.199999999999999,3.48,2.0,7.28,0.0,30.419999999999998,6.91,11.16,1.91,2.7,0.0,3.0,2.93,0.0,14.64,15.57,7.8,5.65,8.19,9.93,3.8,10.63,6.0600000000000005,6.25,4.08,12.73,3.01,0.0,1.46,11.91,0.98,8.43,11.32,4.01,9.52,4.41,0.98,7.74,4.58,3.8899999999999997,1.95,12.67,0.49,9.24,0.0,3.0,4.2,6.43,0.0,5.83,6.32,3.6799999999999997,5.6,8.629999999999999,3.0,12.91,1.98,8.39,9.63,0.49,0.0,6.08,1.46,0.84,1.98,0.0,1.98,4.55,9.39,1.8399999999999999,3.44,Eukaryota,Metazoa,Chordata,Mammalia,Rodentia,Muridae,,
0.0,0.0,0.0,0.84,0.0,0.84,0.0,0.0,0.0,0.0,0.0,0.0,0.0,0.0,0.0,0.0,0.0,0.0,0.0,0.0,0.0,0.0,0.84,0.0,0.0,0.0,0.0,0.0,0.0,0.0,0.0,0.0,0.0,0.0,0.0,0.0,0.0,0.0,0.0,0.0,0.0,0.0,0.0,0.0,0.0,0.0,0.0,0.0,0.0,0.0,0.0,0.0,0.0,0.0,0.0,0.0,0.0,0.0,0.0,0.0,0.0,0.0,0.0,0.0,0.0,0.0,0.0,0.0,0.0,0.0,0.84,0.0,0.0,0.0,0.0,0.0,0.84,0.0,0.0,0.0,0.0,0.0,0.0,0.0,0.0,0.0,0.0,0.84,0.0,0.0,0.0,0.0,0.0,0.0,0.0,0.0,0.0,0.0,0.0,0.0,Eukaryota,Metazoa,Chordata,Mammalia,Rodentia,Muridae,Rattus,Rattus norvegicus
2.24,3.66,1.18,11.99,4.82,6.279999999999999,4.22,7.319999999999999,11.04,8.52,11.030000000000001,4.38,0.0,0.0,1.49,1.43,4.82,2.23,2.62,2.29,2.65,3.41,14.33,10.01,8.379999999999999,11.18,7.41,2.8899999999999997,0.63,1.59,6.619999999999999,7.08,3.67,14.87,0.0,2.12,1.59,10.66,2.04,12.85,11.03,15.34,9.38,0.0,0.0,9.17,3.8200000000000003,4.390000000000001,0.0,11.52,0.0,0.5,4.06,5.73,0.6699999999999999,0.0,6.55,15.67,3.58,9.77,4.62,1.43,1.29,3.24,2.05,4.67,2.29,0.0,1.25,14.49,0.0,9.489999999999998,0.0,31.52,9.6,14.120000000000001,2.27,14.67,4.71,0.73,1.82,7.619999999999999,3.17,9.24,3.1399999999999997,7.8500000000000005,2.42,1.06,6.159999999999999,9.18,8.040000000000001,4.63,6.779999999999999,5.390000000000001,5.76,3.81,8.67,1.47,5.21,7.6,Eukaryota,Metazoa,Chordata,Mammalia,Rodentia,,,
2.44,0.0,3.34,0.0,0.0,3.11,3.72,0.0,3.95,1.82,3.03,3.06,0.78,0.0,5.1899999999999995,2.73,3.79,0.0,0.0,0.78,1.56,0.0,1.63,1.3,0.0,0.0,0.0,1.33,0.0,0.0,0.0,2.34,1.63,0.0,0.0,4.91,1.89,0.0,0.0,1.58,2.64,0.0,0.26,0.0,0.0,1.34,0.0,2.49,0.0,0.0,0.0,2.11,1.32,0.0,1.6,0.0,0.0,1.36,2.6,0.0,0.0,1.39,0.0,2.37,0.0,0.0,0.0,0.0,0.0,2.9,2.63,0.0,0.0,0.0,0.0,1.34,1.87,2.14,1.37,0.52,0.25,0.52,2.94,0.0,2.94,0.0,0.0,3.05,0.0,0.0,0.0,0.0,1.85,0.0,0.0,0.0,2.3600000000000003,3.47,0.0,0.0,Eukaryota,Metazoa,Chordata,Mammalia,Rodentia,Sciuridae,,
0.0,0.0,0.0,0.0,0.0,0.0,0.0,0.0,0.0,0.0,0.0,0.0,0.3,0.0,0.0,0.0,0.0,0.0,0.0,0.0,0.0,0.0,0.0,0.0,0.0,0.0,0.0,0.0,0.0,0.0,0.0,0.0,0.0,0.0,0.0,0.0,0.0,0.0,0.0,0.0,0.0,0.0,0.0,0.0,0.0,0.0,0.0,0.0,0.0,0.29,0.0,0.0,0.0,0.0,0.0,0.0,0.0,0.0,0.0,0.0,0.0,0.0,0.0,0.0,0.0,0.0,0.0,0.0,0.0,0.0,0.0,0.0,0.0,0.0,0.0,0.0,0.0,0.0,0.0,0.0,0.0,0.0,0.0,0.0,0.0,0.0,0.0,0.0,0.0,0.0,0.0,0.0,0.0,0.0,0.0,0.0,0.0,0.0,0.0,0.0,Eukaryota,Metazoa,Chordata,Mammalia,Scandentia,Tupaiidae,,
0.0,0.0,0.0,0.0,0.0,0.0,0.0,0.0,0.0,0.0,0.0,0.0,0.0,0.0,0.0,0.0,0.0,0.0,0.0,0.0,0.0,0.0,0.0,0.0,0.0,0.0,0.0,0.0,0.0,0.0,0.74,0.0,0.0,0.0,0.0,0.0,0.0,0.0,0.0,0.0,0.0,0.0,0.0,0.0,0.0,0.0,0.0,0.0,0.0,0.0,0.0,0.0,0.0,0.0,0.0,0.0,0.0,0.0,0.0,0.0,0.0,0.0,0.0,0.0,0.0,0.0,0.0,0.0,0.0,0.0,0.0,0.0,0.0,0.0,0.0,0.0,0.0,0.0,0.0,0.0,0.0,0.0,0.0,0.0,0.0,0.0,0.0,0.0,0.0,0.0,0.0,0.0,0.0,0.0,0.0,0.0,0.0,0.0,0.0,0.0,Eukaryota,Metazoa,Chordata,Mammalia,Scandentia,Tupaiidae,Tupaia,Tupaia chinensis
0.0,0.0,0.0,0.0,0.0,0.0,0.0,0.75,0.0,0.0,0.0,0.0,0.0,0.0,1.49,0.0,0.0,0.0,0.0,0.0,0.0,0.0,0.0,0.0,0.0,0.49,0.0,0.0,0.0,0.0,0.0,0.0,0.0,0.0,0.0,0.0,0.0,0.0,0.0,1.02,0.0,0.0,0.0,0.0,0.0,0.0,0.0,0.0,0.0,0.0,0.0,0.0,0.0,0.0,0.0,0.0,0.0,1.53,0.0,1.68,0.0,0.0,0.0,0.0,0.0,0.0,0.0,0.98,0.0,0.0,0.0,0.0,0.0,0.0,0.0,0.0,0.0,0.0,0.0,0.0,0.0,0.0,0.0,0.0,0.0,0.0,0.0,0.0,0.0,0.0,0.0,0.0,0.0,0.0,0.0,0.0,0.0,0.0,2.23,0.0,Eukaryota,Metazoa,Chordata,Mammalia,Sirenia,Dugongidae,Dugong,Dugong dugon
0.0,0.0,0.0,0.0,0.0,0.73,0.5,0.0,0.0,0.0,0.0,1.41,0.0,0.0,0.0,0.0,0.0,1.81,1.53,0.71,0.0,0.24,0.0,0.0,0.77,0.0,0.0,0.78,0.0,0.0,0.0,0.0,1.18,0.0,0.0,0.94,0.83,0.0,0.0,0.0,0.79,0.0,0.0,0.0,0.0,0.0,0.0,0.0,0.0,0.0,0.76,0.0,0.0,0.0,0.0,0.0,0.0,0.0,0.0,0.0,0.0,0.0,0.0,0.0,0.0,0.0,0.0,0.0,0.0,0.0,0.0,0.0,0.0,0.0,0.0,0.0,0.0,0.46,0.0,0.0,0.98,0.9099999999999999,0.0,0.26,0.0,0.0,0.0,0.0,0.0,0.0,0.0,0.0,0.0,0.0,0.0,0.41,0.0,0.0,0.0,0.0,Eukaryota,Metazoa,Chordata,Mammalia,Sirenia,Dugongidae,Dugong,
2.06,0.0,0.52,1.45,1.35,1.64,0.47,0.71,2.4699999999999998,0.79,3.89,3.25,0.74,0.0,0.29,1.7799999999999998,0.53,0.71,0.41,0.52,2.45,0.94,1.08,1.23,0.71,0.0,2.3,1.65,1.19,1.51,1.71,1.76,0.83,0.0,1.81,0.26,2.02,1.71,2.88,0.46,0.47,1.5,1.67,0.0,0.55,2.7299999999999995,2.23,2.98,1.06,3.58,0.0,1.03,4.5600000000000005,0.47,2.06,0.5,2.04,0.0,2.7,1.1099999999999999,1.11,2.2800000000000002,2.4699999999999998,2.84,1.55,2.3200000000000003,1.72,0.47,1.53,2.6799999999999997,1.24,0.84,2.52,2.48,0.76,1.07,1.47,1.09,3.7699999999999996,1.21,0.71,1.18,3.46,1.88,1.58,1.2,1.69,1.78,0.27,1.2999999999999998,1.33,1.5,2.2199999999999998,2.3,1.7,1.53,2.25,0.71,0.71,3.5599999999999996,Eukaryota,Metazoa,Chordata,Mammalia,Sirenia,Dugongidae,,
0.0,0.0,0.0,0.0,0.0,0.0,0.0,0.0,0.0,0.0,1.18,0.0,0.0,0.0,0.0,0.0,0.0,0.0,0.0,0.0,0.0,0.0,0.0,0.0,0.0,0.0,0.0,0.0,0.0,0.0,0.0,0.0,0.0,0.0,0.0,0.0,0.0,0.0,0.0,0.0,0.0,0.0,0.0,0.0,0.0,0.0,0.0,0.0,0.0,0.0,0.0,0.0,0.0,0.0,0.0,0.0,0.0,0.0,0.0,0.0,0.0,0.0,0.0,0.0,0.0,0.0,0.0,0.0,0.0,0.0,0.0,0.0,0.0,0.0,0.0,0.0,0.0,0.0,0.0,0.0,0.0,0.0,0.0,0.0,0.0,0.0,0.0,0.0,0.0,0.0,0.0,0.0,0.0,0.0,0.0,0.0,0.0,0.0,0.0,0.0,Eukaryota,Metazoa,Chordata,Mammalia,Sirenia,,,
0.0,0.0,0.0,0.0,0.0,0.0,0.0,0.0,0.0,0.0,0.0,0.0,0.0,0.0,0.0,0.0,0.0,0.0,0.0,0.0,0.0,0.0,0.0,0.0,0.0,0.0,0.0,0.0,0.0,0.0,0.0,0.0,0.0,0.0,0.0,0.0,0.0,0.0,0.0,0.0,0.0,0.0,0.0,0.0,0.0,0.0,0.0,0.0,0.0,1.2,0.0,0.0,0.0,0.0,0.0,0.0,0.0,0.0,0.0,0.0,0.0,0.0,0.0,0.0,0.0,0.0,0.0,0.0,0.0,0.0,0.0,0.0,0.0,0.0,0.0,0.0,0.0,0.0,0.0,0.0,0.0,0.0,0.0,0.0,0.0,0.0,0.0,0.0,0.0,0.0,0.0,0.0,0.0,0.0,0.0,0.0,0.0,0.0,0.0,0.0,Eukaryota,Metazoa,Chordata,Mammalia,Tubulidentata,,,
0.0,0.0,0.0,0.0,0.0,0.0,0.0,0.0,0.0,0.0,0.0,0.0,0.0,0.0,0.0,0.0,0.0,0.0,0.0,0.0,0.0,0.0,0.0,0.0,0.0,0.0,0.0,0.0,0.0,0.0,0.0,0.0,0.0,0.0,0.0,0.0,0.0,0.0,0.0,0.0,0.0,0.0,0.0,0.0,0.0,0.0,0.0,0.0,0.0,0.0,0.0,0.0,0.0,0.0,0.0,0.0,0.0,0.0,0.0,0.0,0.0,0.0,0.0,0.0,0.0,0.0,0.0,0.0,0.0,0.0,0.0,0.0,0.0,0.0,0.0,0.0,0.0,0.0,0.0,0.0,0.0,0.0,0.0,0.0,0.0,0.0,0.0,0.0,0.0,0.0,0.0,0.0,0.0,0.0,0.0,0.0,0.0,0.25,0.0,0.0,Eukaryota,Metazoa,Chordata,Mammalia,unk_o,,,
0.0,0.0,4.11,5.96,0.0,0.0,0.0,0.0,0.0,0.26,0.0,6.99,0.0,0.0,0.0,0.71,0.22,12.76,14.419999999999998,1.37,1.91,0.0,0.0,0.0,3.7,0.0,1.91,0.0,0.0,0.0,0.0,0.0,17.19,0.0,0.0,0.22,28.07,0.0,0.0,0.0,0.0,3.95,0.0,0.0,0.0,0.0,0.0,0.0,0.0,0.0,0.0,2.8000000000000003,0.0,0.0,0.41,0.0,1.07,26.87,6.61,0.0,1.62,0.0,0.0,0.0,1.79,0.0,13.98,0.0,0.0,0.4,3.05,0.0,0.0,0.0,0.0,0.0,0.0,2.14,4.98,14.79,0.0,0.0,10.73,0.0,0.0,20.35,0.0,0.0,0.0,10.76,0.0,0.0,0.0,0.0,0.0,3.16,0.0,0.0,0.0,1.49,Eukaryota,Metazoa,Chordata,,,,,
1.65,0.0,0.83,0.0,7.43,0.0,2.89,0.0,4.12,7.42,5.36,6.6,3.29,5.37,4.12,4.53,4.54,2.88,5.37,0.0,0.0,0.0,2.89,2.89,0.0,4.53,3.28,4.13,5.35,0.0,4.97,3.71,0.0,0.0,0.0,3.3,3.7,0.0,1.65,2.06,3.72,5.75,7.02,0.0,2.89,0.0,4.54,3.29,4.54,5.37,7.84,3.3,6.6,4.54,4.11,1.22,1.65,3.72,4.54,4.95,5.31,1.24,0.0,4.12,1.65,2.05,0.0,2.05,0.0,7.02,6.18,1.65,1.65,0.82,0.0,0.0,0.0,5.37,3.71,0.0,0.0,4.54,2.05,4.44,6.61,2.89,0.0,5.78,0.0,2.47,0.0,0.0,0.0,0.0,0.0,0.0,6.19,3.3,2.06,5.78,Eukaryota,Metazoa,Chordata,unk_c,Crocodylia,Crocodylidae,,
0.0,0.0,0.0,0.0,0.0,0.0,0.0,0.0,0.0,0.0,0.0,0.0,0.0,0.0,0.0,0.0,0.0,0.0,0.0,1.0,0.0,0.0,0.0,0.0,0.0,0.0,0.0,0.0,0.0,0.0,0.0,0.0,0.0,0.0,0.0,0.0,0.0,0.0,0.0,0.0,0.0,0.0,0.0,0.0,0.0,0.0,0.0,0.0,0.0,0.0,0.0,0.0,0.0,0.0,0.0,0.0,0.0,0.0,0.0,0.0,0.0,0.0,0.0,0.0,0.0,0.0,0.0,0.0,0.0,0.0,0.0,0.0,0.0,0.0,0.0,0.0,0.0,0.0,0.0,0.0,0.0,0.0,0.0,0.0,0.0,0.0,0.0,0.0,0.0,0.0,0.0,0.0,0.0,0.0,0.0,0.0,0.0,0.0,0.0,0.0,Eukaryota,Metazoa,Chordata,unk_c,Crocodylia,Gavialidae,Gavialis,
2.34,0.0,5.35,4.25,1.34,1.65,0.0,0.0,1.33,0.67,0.0,1.34,1.0,0.33,2.68,1.67,1.99,0.0,0.0,0.0,1.67,2.01,2.63,0.33,1.34,1.34,1.34,1.0,1.0,1.34,0.33,1.33,0.0,0.0,0.67,2.98,1.34,0.0,0.67,1.34,1.0,0.0,0.67,0.0,2.0,0.33,0.0,0.33,1.0,1.67,0.0,0.33,0.67,0.0,1.67,0.0,0.0,2.0,3.29,0.0,0.33,2.34,0.67,0.0,1.33,0.67,1.34,1.34,0.0,0.0,0.0,1.66,0.0,1.34,0.0,0.0,0.33,0.0,0.0,0.0,0.27,0.98,0.0,1.34,1.66,2.96,1.0,0.0,0.99,1.67,0.0,0.0,0.67,1.0,0.0,1.67,1.67,1.0,1.0,1.34,Eukaryota,Metazoa,Chordata,unk_c,Crocodylia,Gavialidae,,
9.91,7.69,19.38,28.46,0.0,3.6599999999999997,23.77,12.709999999999999,9.92,0.0,1.34,11.55,0.0,12.37,0.0,7.43,9.49,1.08,1.67,13.21,19.400000000000002,12.36,18.99,11.97,6.46,7.43,0.4,0.0,3.72,11.54,0.0,0.0,0.0,0.0,32.19,9.49,7.42,9.09,3.71,7.02,14.85,5.37,3.68,0.0,0.0,2.48,0.67,6.6,17.73,8.67,7.84,6.21,9.5,8.42,14.02,4.38,2.89,14.04,18.14,15.6,19.76,11.97,10.32,11.48,0.0,0.0,11.57,5.36,0.67,3.71,0.82,0.0,9.4,7.43,7.47,16.34,13.62,27.630000000000003,1.4,6.12,0.0,0.0,1.34,7.43,14.03,8.67,8.2,1.75,7.43,0.0,2.79,0.81,9.08,9.91,0.0,0.0,10.31,10.32,7.01,0.0,Eukaryota,Metazoa,Chordata,unk_c,Crocodylia,,,
0.0,0.0,0.0,0.0,0.0,0.0,0.0,0.0,0.0,0.0,0.0,0.0,0.0,0.0,0.0,0.0,0.0,0.0,0.0,0.0,0.0,0.0,0.0,0.0,10.8,0.0,0.0,0.0,0.0,0.0,0.0,0.0,0.0,0.0,0.0,0.0,0.0,0.0,0.0,0.0,0.0,0.0,0.0,0.0,0.0,0.0,0.0,0.0,0.0,0.0,0.0,0.0,0.0,0.0,0.0,0.0,1.27,0.0,0.0,0.0,0.0,0.0,0.0,0.0,0.0,0.0,0.0,0.0,0.0,0.0,0.0,0.0,0.0,0.0,0.0,0.0,0.0,0.0,0.0,0.0,0.0,0.0,0.0,0.0,0.0,0.0,0.0,0.0,0.0,0.0,0.0,0.0,0.0,0.0,0.0,0.0,0.0,0.0,0.0,0.0,Eukaryota,Metazoa,Chordata,unk_c,,,,
0.0,0.45,0.0,0.0,0.0,0.0,0.0,0.0,0.0,0.0,0.0,0.0,0.0,0.0,0.0,0.0,0.0,0.0,0.0,0.0,0.0,0.0,0.0,0.0,0.0,0.0,0.0,0.0,0.0,0.0,0.0,0.0,0.0,0.0,0.0,0.0,0.0,0.0,0.0,0.0,0.0,0.0,0.0,0.0,0.0,0.0,0.0,0.0,0.0,0.0,0.0,0.0,0.0,0.0,0.0,0.0,0.0,0.0,0.0,0.0,0.0,0.0,0.0,0.0,0.0,0.0,0.0,0.0,0.0,0.0,0.0,0.0,0.0,0.0,0.0,0.0,0.0,0.0,0.0,0.0,0.0,0.0,0.0,0.0,0.0,0.0,0.0,0.0,0.0,0.0,0.0,0.0,0.0,0.0,0.0,0.0,0.0,0.0,0.0,0.0,Eukaryota,Metazoa,Chordata,unk_c,Testudines,Emydidae,,
0.0,0.0,0.0,0.0,0.0,0.0,0.0,0.0,0.0,0.0,0.0,0.0,0.0,0.0,0.0,0.0,0.0,0.0,0.0,0.0,0.0,0.0,0.0,0.0,0.0,0.0,0.0,0.0,0.0,0.0,0.0,0.0,0.0,0.0,0.0,0.0,0.0,0.0,0.0,0.0,0.0,0.0,0.0,0.0,0.0,0.0,0.0,0.0,0.0,0.0,0.0,0.0,0.0,0.0,0.0,0.0,0.0,0.0,0.0,0.0,0.0,0.0,0.0,0.0,0.0,0.0,0.0,0.74,0.0,0.0,0.0,0.0,0.0,0.0,0.0,0.0,0.0,0.0,0.0,0.0,0.0,1.23,0.0,0.0,0.0,0.0,0.0,0.0,0.0,0.0,0.0,0.0,0.0,0.0,0.0,0.0,0.0,0.0,0.98,0.0,Eukaryota,Metazoa,Chordata,unk_c,Testudines,,,
0.0,0.0,0.0,0.0,0.0,0.0,0.0,0.0,0.0,0.32,0.99,0.32,0.0,0.0,0.0,0.0,0.0,0.0,0.0,0.0,0.0,0.0,0.0,0.0,0.0,0.0,0.0,0.0,0.0,0.0,0.0,0.0,0.0,0.0,0.0,0.0,0.0,2.78,0.0,0.0,0.0,0.0,0.32,0.0,0.0,0.0,0.0,0.64,0.0,0.0,0.0,0.0,0.0,1.74,0.0,0.0,0.0,0.0,0.0,0.0,0.0,0.0,0.0,0.64,0.0,0.0,0.32,0.0,0.0,0.0,0.0,0.0,0.0,0.0,0.0,0.0,0.32,0.0,0.0,0.0,0.32,0.0,0.0,0.0,0.0,0.32,0.0,0.0,0.0,0.0,0.0,0.0,0.0,0.0,0.0,0.0,0.32,0.0,0.0,0.32,Eukaryota,Metazoa,Chordata,unk_c,Testudines,Pelomedusidae,,
0.0,0.0,0.0,0.0,0.0,0.0,0.0,0.0,0.0,0.0,0.0,0.0,0.0,0.0,0.0,0.0,0.0,0.0,0.0,0.0,0.0,0.0,0.0,0.0,0.0,0.0,0.0,0.0,0.0,0.0,0.0,0.0,0.0,0.0,0.0,0.0,0.0,0.0,0.0,0.0,0.0,0.0,0.0,0.0,0.0,0.0,0.0,0.0,0.0,0.0,0.0,0.0,0.0,0.0,0.0,0.0,0.0,0.0,0.0,0.0,0.0,0.0,0.0,0.0,0.0,0.36,0.0,0.0,0.0,0.0,0.0,0.0,0.0,0.0,0.0,0.0,0.0,0.0,0.0,0.0,0.0,0.0,0.0,0.0,0.0,0.0,0.0,0.0,0.0,0.0,0.0,0.0,0.0,0.0,0.0,0.0,0.0,0.0,0.0,0.0,Eukaryota,Metazoa,Mollusca,Bivalvia,Unionida,Unionidae,,
0.0,0.0,0.0,0.0,0.0,0.0,0.0,0.0,0.0,0.0,0.0,0.0,0.0,0.0,0.0,0.0,0.0,0.0,0.0,0.0,0.0,0.0,0.0,0.0,0.0,0.0,0.0,0.0,0.0,0.0,0.0,0.0,0.0,0.0,0.0,0.0,0.0,0.0,0.0,0.0,0.0,0.0,0.0,0.0,0.0,0.0,0.0,0.0,0.0,0.0,0.0,0.0,0.0,0.0,0.0,0.0,0.0,0.0,0.0,0.0,0.0,0.0,0.0,0.0,0.28,0.0,0.0,0.0,0.0,0.0,0.0,0.0,0.0,0.0,0.0,0.0,0.0,0.0,0.0,0.0,0.0,0.0,0.0,0.0,0.0,0.0,0.0,0.0,0.0,0.0,0.0,0.0,0.0,0.0,0.0,0.0,0.0,0.0,0.0,0.0,Eukaryota,Metazoa,Mollusca,Cephalopoda,Sepiida,Sepiidae,,
0.0,0.0,0.0,0.0,0.0,0.0,0.0,0.0,0.0,0.0,0.0,0.93,0.0,0.0,0.0,0.0,0.0,0.0,0.0,0.0,0.0,0.0,0.0,0.0,0.0,0.0,0.0,0.0,0.0,0.0,0.0,0.0,0.0,0.0,0.0,0.0,0.0,0.0,0.0,0.0,0.0,0.0,0.0,0.0,0.0,0.0,0.0,0.0,0.0,0.0,0.0,0.0,0.93,0.0,0.0,0.0,0.0,0.0,0.0,0.0,0.0,0.0,0.0,0.0,0.0,0.0,0.0,0.0,0.0,0.0,0.0,0.0,0.0,0.0,0.0,0.0,0.0,0.0,0.0,0.0,0.0,0.0,0.0,0.93,0.0,0.0,0.0,0.0,0.0,0.0,0.0,0.0,0.0,0.0,0.0,0.0,0.0,0.0,0.0,0.0,Eukaryota,Viridiplantae,Streptophyta,Magnoliopsida,Brassicales,Brassicaceae,Arabidopsis,
0.0,0.0,0.0,0.0,0.0,0.0,0.0,0.0,0.0,0.0,0.0,0.0,0.0,0.0,0.0,1.0,0.0,0.0,0.0,0.0,0.0,0.0,0.0,0.0,0.0,0.0,0.0,0.0,0.0,0.0,0.0,0.0,0.0,0.0,0.0,0.0,0.0,0.0,0.0,0.0,0.0,0.0,0.0,0.0,0.0,0.0,0.0,0.0,0.0,0.0,0.0,0.0,0.0,0.0,0.0,0.0,0.0,0.0,0.0,0.0,0.0,0.0,0.0,0.0,0.0,0.0,0.0,0.0,0.0,0.0,0.0,0.0,0.0,0.0,0.0,0.0,0.0,0.0,0.0,0.0,0.0,0.0,0.0,0.0,0.0,0.0,0.0,0.0,0.0,0.0,0.0,0.0,0.0,0.0,0.0,0.0,0.0,0.0,0.0,0.0,Eukaryota,Viridiplantae,Streptophyta,Magnoliopsida,Brassicales,Brassicaceae,,
0.0,0.0,0.57,0.0,0.0,0.0,0.0,0.0,0.0,0.0,0.0,0.0,0.0,0.0,0.0,0.0,0.0,0.0,0.0,0.0,0.0,0.0,0.0,0.0,0.0,0.0,0.0,0.0,0.0,0.0,0.0,0.0,0.0,0.0,0.0,0.0,0.0,0.0,0.0,0.0,0.0,0.0,0.0,0.0,0.0,0.0,0.0,0.0,0.0,0.0,0.0,0.0,0.0,0.0,0.0,0.0,0.0,0.0,0.0,0.42,0.0,0.0,0.0,0.0,0.0,0.0,0.5,0.86,0.0,0.0,0.0,0.0,0.0,0.0,0.0,0.0,0.0,0.0,0.0,0.0,0.0,0.0,0.0,0.0,0.0,0.0,0.0,0.0,0.0,0.0,0.0,0.0,0.0,0.0,0.0,0.0,0.0,0.0,0.0,0.0,Eukaryota,Viridiplantae,Streptophyta,Magnoliopsida,Lamiales,Pedaliaceae,,
0.22,0.0,0.0,0.0,0.0,0.0,0.0,0.0,0.0,0.0,0.0,0.0,0.0,0.0,0.0,0.0,0.0,0.0,0.0,0.0,0.0,0.0,1.1,0.0,0.0,0.0,0.0,0.0,0.0,0.0,0.0,0.0,0.0,0.0,0.0,0.0,0.0,0.0,0.0,0.0,0.0,0.0,0.0,0.0,0.0,0.0,0.0,0.0,0.0,1.76,0.0,0.0,0.0,0.0,0.0,0.39,0.0,0.0,0.0,0.0,0.0,0.0,0.0,0.0,0.0,0.0,0.0,0.0,0.0,0.0,0.0,1.98,0.0,0.0,0.0,0.0,0.0,0.0,0.0,0.0,0.0,0.0,0.0,0.0,0.0,0.0,0.0,0.0,0.0,0.0,0.0,0.0,0.0,0.0,0.0,0.0,0.0,0.0,0.0,0.0,Eukaryota,Viridiplantae,Streptophyta,Magnoliopsida,Lamiales,Pedaliaceae,Sesamum,Sesamum indicum
0.0,0.0,0.0,0.0,0.0,0.0,0.0,0.0,0.0,0.0,0.0,0.0,0.0,0.0,0.0,0.0,0.0,0.0,0.0,0.0,0.0,0.0,0.0,0.0,0.61,0.0,0.0,0.0,0.0,1.83,3.66,0.0,0.0,0.0,0.0,0.0,0.0,0.0,0.0,0.0,0.0,0.0,0.0,0.0,0.0,0.0,0.0,0.0,0.0,0.0,0.0,0.0,0.0,0.0,0.0,0.0,0.0,0.0,0.0,0.0,0.0,0.0,0.0,0.0,0.0,0.0,0.0,0.0,0.0,0.0,0.0,0.0,0.0,0.0,0.0,0.0,0.0,0.0,0.0,0.0,0.0,0.0,0.0,0.0,0.0,0.0,0.0,0.0,0.0,0.0,0.0,0.0,0.0,0.0,0.0,0.0,0.0,0.0,0.0,0.0,Eukaryota,Viridiplantae,Streptophyta,Magnoliopsida,Malvales,,,
0.0,0.0,0.0,0.0,0.0,0.0,0.0,0.0,0.0,0.0,0.0,0.0,0.0,0.0,0.0,0.0,0.0,0.0,0.0,0.0,0.0,0.0,0.0,0.0,0.0,0.0,0.0,0.0,0.0,0.0,0.0,0.0,0.0,0.0,0.0,0.0,0.0,0.0,0.0,0.0,0.0,0.0,0.0,0.0,0.0,0.0,0.0,0.0,0.0,0.0,0.0,0.0,0.66,0.0,0.0,0.0,0.0,0.0,0.0,0.0,0.0,0.0,0.0,0.0,0.0,0.0,0.0,0.0,0.0,0.0,0.0,0.0,0.0,0.0,0.0,0.0,0.0,0.0,0.0,0.0,0.0,0.0,0.0,0.0,0.0,0.0,0.0,0.0,0.0,0.0,0.0,0.0,0.0,0.0,0.0,0.0,0.0,0.0,0.0,0.0,Eukaryota,Viridiplantae,Streptophyta,Magnoliopsida,Sapindales,,,
0.0,0.0,0.0,0.0,0.0,0.0,0.0,0.0,0.0,0.0,0.0,0.0,0.0,0.0,0.0,0.0,0.0,0.0,0.0,0.0,0.0,0.0,0.0,0.0,0.0,0.0,0.0,0.0,0.0,1.25,0.0,0.0,0.0,0.0,0.0,0.0,0.0,0.0,0.0,0.0,0.0,0.0,0.0,0.0,0.0,0.0,0.0,0.0,0.0,0.0,0.0,0.0,0.0,0.0,0.0,0.0,0.0,0.0,0.0,0.0,0.0,0.0,0.0,0.0,0.0,0.0,0.0,0.0,0.0,0.0,0.0,0.0,0.0,0.0,0.0,0.0,0.0,0.0,0.0,0.0,0.0,0.0,0.0,0.0,0.0,0.0,0.0,0.0,0.0,0.0,0.59,0.0,0.0,0.0,0.0,0.0,0.0,0.0,0.0,0.0,Eukaryota,Viridiplantae,Streptophyta,,,,,
0.0,0.0,0.0,0.0,0.0,0.0,0.0,0.0,0.0,0.0,0.0,0.0,0.87,0.0,0.0,0.0,0.0,0.0,0.0,0.0,0.0,0.0,0.0,0.0,0.0,0.0,0.0,0.0,0.0,0.0,0.0,0.0,0.0,0.0,0.0,0.0,0.0,0.0,0.9,0.0,1.55,0.0,0.0,0.0,0.0,0.0,0.0,0.0,0.0,0.0,0.0,0.0,0.0,0.0,0.0,0.0,0.0,0.0,0.0,0.0,0.0,0.0,0.0,0.0,0.0,0.0,0.0,0.0,0.0,0.0,0.0,0.0,0.0,0.0,0.0,0.0,0.0,0.0,0.0,0.0,0.0,0.0,0.0,0.0,0.0,0.0,0.0,0.0,0.0,0.0,0.0,0.0,0.0,0.0,0.0,0.0,0.0,0.0,0.0,0.0,Eukaryota,unk_k,unk_p,Dinophyceae,Suessiales,,,
